"id","cluster","cluster_label","disaster_id"
"75019",2,"Low Impact","1"
"75020",0,"Severe Impact","2"
"75021",0,"Severe Impact","3"
"75022",0,"Severe Impact","4"
"75023",1,"Moderate Impact","5"
"75024",0,"Severe Impact","6"
"75025",2,"Low Impact","7"
"75026",1,"Moderate Impact","8"
"75027",2,"Low Impact","9"
"75028",1,"Moderate Impact","10"
"75029",1,"Moderate Impact","11"
"75030",0,"Severe Impact","12"
"75031",0,"Severe Impact","13"
"75032",2,"Low Impact","14"
"75033",0,"Severe Impact","15"
"75034",2,"Low Impact","16"
"75035",2,"Low Impact","17"
"75036",0,"Severe Impact","18"
"75037",0,"Severe Impact","19"
"75038",2,"Low Impact","20"
"75039",2,"Low Impact","21"
"75040",1,"Moderate Impact","22"
"75041",0,"Severe Impact","23"
"75042",2,"Low Impact","24"
"75043",0,"Severe Impact","25"
"75044",1,"Moderate Impact","26"
"75045",2,"Low Impact","27"
"75046",0,"Severe Impact","28"
"75047",1,"Moderate Impact","29"
"75048",1,"Moderate Impact","30"
"75049",0,"Severe Impact","31"
"75050",1,"Moderate Impact","32"
"75051",1,"Moderate Impact","33"
"75052",2,"Low Impact","34"
"75053",0,"Severe Impact","35"
"75054",2,"Low Impact","36"
"75055",2,"Low Impact","37"
"75056",1,"Moderate Impact","38"
"75057",2,"Low Impact","39"
"75058",0,"Severe Impact","40"
"75059",2,"Low Impact","41"
"75060",0,"Severe Impact","42"
"75061",2,"Low Impact","43"
"75062",1,"Moderate Impact","44"
"75063",2,"Low Impact","45"
"75064",2,"Low Impact","46"
"75065",0,"Severe Impact","47"
"75066",2,"Low Impact","48"
"75067",2,"Low Impact","49"
"75068",0,"Severe Impact","50"
"75069",1,"Moderate Impact","51"
"75070",2,"Low Impact","52"
"75071",0,"Severe Impact","53"
"75072",2,"Low Impact","54"
"75073",0,"Severe Impact","55"
"75074",0,"Severe Impact","56"
"75075",1,"Moderate Impact","57"
"75076",1,"Moderate Impact","58"
"75077",0,"Severe Impact","59"
"75078",0,"Severe Impact","60"
"75079",2,"Low Impact","61"
"75080",2,"Low Impact","62"
"75081",0,"Severe Impact","63"
"75082",0,"Severe Impact","64"
"75083",1,"Moderate Impact","65"
"75084",2,"Low Impact","66"
"75085",2,"Low Impact","67"
"75086",0,"Severe Impact","68"
"75087",1,"Moderate Impact","69"
"75088",0,"Severe Impact","70"
"75089",1,"Moderate Impact","71"
"75090",0,"Severe Impact","72"
"75091",0,"Severe Impact","73"
"75092",0,"Severe Impact","74"
"75093",2,"Low Impact","75"
"75094",0,"Severe Impact","76"
"75095",1,"Moderate Impact","77"
"75096",0,"Severe Impact","78"
"75097",1,"Moderate Impact","79"
"75098",0,"Severe Impact","80"
"75099",1,"Moderate Impact","81"
"75100",1,"Moderate Impact","82"
"75101",0,"Severe Impact","83"
"75102",0,"Severe Impact","84"
"75103",2,"Low Impact","85"
"75104",0,"Severe Impact","86"
"75105",1,"Moderate Impact","87"
"75106",1,"Moderate Impact","88"
"75107",0,"Severe Impact","89"
"75108",1,"Moderate Impact","90"
"75109",2,"Low Impact","91"
"75110",1,"Moderate Impact","92"
"75111",1,"Moderate Impact","93"
"75112",1,"Moderate Impact","94"
"75113",2,"Low Impact","95"
"75114",1,"Moderate Impact","96"
"75115",1,"Moderate Impact","97"
"75116",1,"Moderate Impact","98"
"75117",2,"Low Impact","99"
"75118",0,"Severe Impact","100"
"75119",2,"Low Impact","101"
"75120",0,"Severe Impact","102"
"75121",0,"Severe Impact","103"
"75122",1,"Moderate Impact","104"
"75123",1,"Moderate Impact","105"
"75124",0,"Severe Impact","106"
"75125",0,"Severe Impact","107"
"75126",2,"Low Impact","108"
"75127",1,"Moderate Impact","109"
"75128",2,"Low Impact","110"
"75129",2,"Low Impact","111"
"75130",1,"Moderate Impact","112"
"75131",1,"Moderate Impact","113"
"75132",1,"Moderate Impact","114"
"75133",2,"Low Impact","115"
"75134",1,"Moderate Impact","116"
"75135",2,"Low Impact","117"
"75136",1,"Moderate Impact","118"
"75137",0,"Severe Impact","119"
"75138",2,"Low Impact","120"
"75139",0,"Severe Impact","121"
"75140",1,"Moderate Impact","122"
"75141",2,"Low Impact","123"
"75142",0,"Severe Impact","124"
"75143",1,"Moderate Impact","125"
"75144",1,"Moderate Impact","126"
"75145",0,"Severe Impact","127"
"75146",0,"Severe Impact","128"
"75147",2,"Low Impact","129"
"75148",0,"Severe Impact","130"
"75149",0,"Severe Impact","131"
"75150",1,"Moderate Impact","132"
"75151",2,"Low Impact","133"
"75152",0,"Severe Impact","134"
"75153",1,"Moderate Impact","135"
"75154",0,"Severe Impact","136"
"75155",1,"Moderate Impact","137"
"75156",2,"Low Impact","138"
"75157",1,"Moderate Impact","139"
"75158",1,"Moderate Impact","140"
"75159",0,"Severe Impact","141"
"75160",2,"Low Impact","142"
"75161",2,"Low Impact","143"
"75162",1,"Moderate Impact","144"
"75163",0,"Severe Impact","145"
"75164",0,"Severe Impact","146"
"75165",0,"Severe Impact","147"
"75166",1,"Moderate Impact","148"
"75167",2,"Low Impact","149"
"75168",1,"Moderate Impact","150"
"75169",2,"Low Impact","151"
"75170",2,"Low Impact","152"
"75171",2,"Low Impact","153"
"75172",2,"Low Impact","154"
"75173",0,"Severe Impact","155"
"75174",0,"Severe Impact","156"
"75175",2,"Low Impact","157"
"75176",2,"Low Impact","158"
"75177",0,"Severe Impact","159"
"75178",2,"Low Impact","160"
"75179",0,"Severe Impact","161"
"75180",1,"Moderate Impact","162"
"75181",0,"Severe Impact","163"
"75182",2,"Low Impact","164"
"75183",1,"Moderate Impact","165"
"75184",2,"Low Impact","166"
"75185",2,"Low Impact","167"
"75186",1,"Moderate Impact","168"
"75187",0,"Severe Impact","169"
"75188",1,"Moderate Impact","170"
"75189",2,"Low Impact","171"
"75190",0,"Severe Impact","172"
"75191",1,"Moderate Impact","173"
"75192",0,"Severe Impact","174"
"75193",0,"Severe Impact","175"
"75194",0,"Severe Impact","176"
"75195",2,"Low Impact","177"
"75196",1,"Moderate Impact","178"
"75197",2,"Low Impact","179"
"75198",2,"Low Impact","180"
"75199",2,"Low Impact","181"
"75200",0,"Severe Impact","182"
"75201",2,"Low Impact","183"
"75202",0,"Severe Impact","184"
"75203",2,"Low Impact","185"
"75204",2,"Low Impact","186"
"75205",2,"Low Impact","187"
"75206",1,"Moderate Impact","188"
"75207",2,"Low Impact","189"
"75208",1,"Moderate Impact","190"
"75209",0,"Severe Impact","191"
"75210",0,"Severe Impact","192"
"75211",0,"Severe Impact","193"
"75212",2,"Low Impact","194"
"75213",1,"Moderate Impact","195"
"75214",1,"Moderate Impact","196"
"75215",1,"Moderate Impact","197"
"75216",0,"Severe Impact","198"
"75217",1,"Moderate Impact","199"
"75218",1,"Moderate Impact","200"
"75219",0,"Severe Impact","201"
"75220",0,"Severe Impact","202"
"75221",2,"Low Impact","203"
"75222",0,"Severe Impact","204"
"75223",2,"Low Impact","205"
"75224",2,"Low Impact","206"
"75225",1,"Moderate Impact","207"
"75226",2,"Low Impact","208"
"75227",0,"Severe Impact","209"
"75228",2,"Low Impact","210"
"75229",1,"Moderate Impact","211"
"75230",2,"Low Impact","212"
"75231",0,"Severe Impact","213"
"75232",2,"Low Impact","214"
"75233",1,"Moderate Impact","215"
"75234",1,"Moderate Impact","216"
"75235",0,"Severe Impact","217"
"75236",2,"Low Impact","218"
"75237",0,"Severe Impact","219"
"75238",0,"Severe Impact","220"
"75239",1,"Moderate Impact","221"
"75240",0,"Severe Impact","222"
"75241",0,"Severe Impact","223"
"75242",2,"Low Impact","224"
"75243",2,"Low Impact","225"
"75244",1,"Moderate Impact","226"
"75245",1,"Moderate Impact","227"
"75246",0,"Severe Impact","228"
"75247",2,"Low Impact","229"
"75248",2,"Low Impact","230"
"75249",1,"Moderate Impact","231"
"75250",2,"Low Impact","232"
"75251",2,"Low Impact","233"
"75252",0,"Severe Impact","234"
"75253",0,"Severe Impact","235"
"75254",0,"Severe Impact","236"
"75255",2,"Low Impact","237"
"75256",0,"Severe Impact","238"
"75257",1,"Moderate Impact","239"
"75258",2,"Low Impact","240"
"75259",2,"Low Impact","241"
"75260",0,"Severe Impact","242"
"75261",1,"Moderate Impact","243"
"75262",2,"Low Impact","244"
"75263",1,"Moderate Impact","245"
"75264",1,"Moderate Impact","246"
"75265",1,"Moderate Impact","247"
"75266",1,"Moderate Impact","248"
"75267",2,"Low Impact","249"
"75268",1,"Moderate Impact","250"
"75269",0,"Severe Impact","251"
"75270",0,"Severe Impact","252"
"75271",0,"Severe Impact","253"
"75272",2,"Low Impact","254"
"75273",1,"Moderate Impact","255"
"75274",1,"Moderate Impact","256"
"75275",2,"Low Impact","257"
"75276",1,"Moderate Impact","258"
"75277",0,"Severe Impact","259"
"75278",2,"Low Impact","260"
"75279",1,"Moderate Impact","261"
"75280",0,"Severe Impact","262"
"75281",1,"Moderate Impact","263"
"75282",0,"Severe Impact","264"
"75283",1,"Moderate Impact","265"
"75284",2,"Low Impact","266"
"75285",1,"Moderate Impact","267"
"75286",1,"Moderate Impact","268"
"75287",2,"Low Impact","269"
"75288",1,"Moderate Impact","270"
"75289",0,"Severe Impact","271"
"75290",1,"Moderate Impact","272"
"75291",1,"Moderate Impact","273"
"75292",1,"Moderate Impact","274"
"75293",0,"Severe Impact","275"
"75294",1,"Moderate Impact","276"
"75295",2,"Low Impact","277"
"75296",1,"Moderate Impact","278"
"75297",0,"Severe Impact","279"
"75298",1,"Moderate Impact","280"
"75299",1,"Moderate Impact","281"
"75300",1,"Moderate Impact","282"
"75301",0,"Severe Impact","283"
"75302",1,"Moderate Impact","284"
"75303",2,"Low Impact","285"
"75304",1,"Moderate Impact","286"
"75305",0,"Severe Impact","287"
"75306",1,"Moderate Impact","288"
"75307",2,"Low Impact","289"
"75308",2,"Low Impact","290"
"75309",2,"Low Impact","291"
"75310",2,"Low Impact","292"
"75311",2,"Low Impact","293"
"75312",2,"Low Impact","294"
"75313",1,"Moderate Impact","295"
"75314",0,"Severe Impact","296"
"75315",2,"Low Impact","297"
"75316",2,"Low Impact","298"
"75317",0,"Severe Impact","299"
"75318",2,"Low Impact","300"
"75319",2,"Low Impact","301"
"75320",0,"Severe Impact","302"
"75321",2,"Low Impact","303"
"75322",1,"Moderate Impact","304"
"75323",2,"Low Impact","305"
"75324",0,"Severe Impact","306"
"75325",1,"Moderate Impact","307"
"75326",2,"Low Impact","308"
"75327",1,"Moderate Impact","309"
"75328",2,"Low Impact","310"
"75329",1,"Moderate Impact","311"
"75330",2,"Low Impact","312"
"75331",1,"Moderate Impact","313"
"75332",0,"Severe Impact","314"
"75333",1,"Moderate Impact","315"
"75334",0,"Severe Impact","316"
"75335",0,"Severe Impact","317"
"75336",2,"Low Impact","318"
"75337",1,"Moderate Impact","319"
"75338",0,"Severe Impact","320"
"75339",0,"Severe Impact","321"
"75340",0,"Severe Impact","322"
"75341",1,"Moderate Impact","323"
"75342",2,"Low Impact","324"
"75343",1,"Moderate Impact","325"
"75344",0,"Severe Impact","326"
"75345",1,"Moderate Impact","327"
"75346",1,"Moderate Impact","328"
"75347",2,"Low Impact","329"
"75348",1,"Moderate Impact","330"
"75349",0,"Severe Impact","331"
"75350",2,"Low Impact","332"
"75351",2,"Low Impact","333"
"75352",2,"Low Impact","334"
"75353",1,"Moderate Impact","335"
"75354",1,"Moderate Impact","336"
"75355",2,"Low Impact","337"
"75356",2,"Low Impact","338"
"75357",2,"Low Impact","339"
"75358",1,"Moderate Impact","340"
"75359",1,"Moderate Impact","341"
"75360",0,"Severe Impact","342"
"75361",1,"Moderate Impact","343"
"75362",2,"Low Impact","344"
"75363",1,"Moderate Impact","345"
"75364",0,"Severe Impact","346"
"75365",1,"Moderate Impact","347"
"75366",2,"Low Impact","348"
"75367",0,"Severe Impact","349"
"75368",2,"Low Impact","350"
"75369",0,"Severe Impact","351"
"75370",1,"Moderate Impact","352"
"75371",0,"Severe Impact","353"
"75372",2,"Low Impact","354"
"75373",2,"Low Impact","355"
"75374",2,"Low Impact","356"
"75375",1,"Moderate Impact","357"
"75376",1,"Moderate Impact","358"
"75377",0,"Severe Impact","359"
"75378",2,"Low Impact","360"
"75379",0,"Severe Impact","361"
"75380",1,"Moderate Impact","362"
"75381",2,"Low Impact","363"
"75382",2,"Low Impact","364"
"75383",1,"Moderate Impact","365"
"75384",2,"Low Impact","366"
"75385",0,"Severe Impact","367"
"75386",2,"Low Impact","368"
"75387",1,"Moderate Impact","369"
"75388",0,"Severe Impact","370"
"75389",0,"Severe Impact","371"
"75390",1,"Moderate Impact","372"
"75391",1,"Moderate Impact","373"
"75392",0,"Severe Impact","374"
"75393",2,"Low Impact","375"
"75394",0,"Severe Impact","376"
"75395",2,"Low Impact","377"
"75396",1,"Moderate Impact","378"
"75397",0,"Severe Impact","379"
"75398",0,"Severe Impact","380"
"75399",2,"Low Impact","381"
"75400",0,"Severe Impact","382"
"75401",2,"Low Impact","383"
"75402",1,"Moderate Impact","384"
"75403",1,"Moderate Impact","385"
"75404",0,"Severe Impact","386"
"75405",1,"Moderate Impact","387"
"75406",2,"Low Impact","388"
"75407",2,"Low Impact","389"
"75408",0,"Severe Impact","390"
"75409",1,"Moderate Impact","391"
"75410",0,"Severe Impact","392"
"75411",1,"Moderate Impact","393"
"75412",1,"Moderate Impact","394"
"75413",2,"Low Impact","395"
"75414",2,"Low Impact","396"
"75415",1,"Moderate Impact","397"
"75416",0,"Severe Impact","398"
"75417",1,"Moderate Impact","399"
"75418",2,"Low Impact","400"
"75419",1,"Moderate Impact","401"
"75420",1,"Moderate Impact","402"
"75421",2,"Low Impact","403"
"75422",1,"Moderate Impact","404"
"75423",2,"Low Impact","405"
"75424",1,"Moderate Impact","406"
"75425",2,"Low Impact","407"
"75426",1,"Moderate Impact","408"
"75427",0,"Severe Impact","409"
"75428",2,"Low Impact","410"
"75429",1,"Moderate Impact","411"
"75430",1,"Moderate Impact","412"
"75431",1,"Moderate Impact","413"
"75432",0,"Severe Impact","414"
"75433",0,"Severe Impact","415"
"75434",1,"Moderate Impact","416"
"75435",2,"Low Impact","417"
"75436",0,"Severe Impact","418"
"75437",1,"Moderate Impact","419"
"75438",1,"Moderate Impact","420"
"75439",1,"Moderate Impact","421"
"75440",1,"Moderate Impact","422"
"75441",0,"Severe Impact","423"
"75442",1,"Moderate Impact","424"
"75443",0,"Severe Impact","425"
"75444",0,"Severe Impact","426"
"75445",1,"Moderate Impact","427"
"75446",2,"Low Impact","428"
"75447",2,"Low Impact","429"
"75448",2,"Low Impact","430"
"75449",0,"Severe Impact","431"
"75450",1,"Moderate Impact","432"
"75451",0,"Severe Impact","433"
"75452",1,"Moderate Impact","434"
"75453",2,"Low Impact","435"
"75454",2,"Low Impact","436"
"75455",1,"Moderate Impact","437"
"75456",0,"Severe Impact","438"
"75457",0,"Severe Impact","439"
"75458",1,"Moderate Impact","440"
"75459",0,"Severe Impact","441"
"75460",1,"Moderate Impact","442"
"75461",2,"Low Impact","443"
"75462",1,"Moderate Impact","444"
"75463",1,"Moderate Impact","445"
"75464",0,"Severe Impact","446"
"75465",0,"Severe Impact","447"
"75466",0,"Severe Impact","448"
"75467",1,"Moderate Impact","449"
"75468",2,"Low Impact","450"
"75469",2,"Low Impact","451"
"75470",2,"Low Impact","452"
"75471",2,"Low Impact","453"
"75472",1,"Moderate Impact","454"
"75473",1,"Moderate Impact","455"
"75474",0,"Severe Impact","456"
"75475",2,"Low Impact","457"
"75476",2,"Low Impact","458"
"75477",1,"Moderate Impact","459"
"75478",2,"Low Impact","460"
"75479",2,"Low Impact","461"
"75480",1,"Moderate Impact","462"
"75481",2,"Low Impact","463"
"75482",2,"Low Impact","464"
"75483",2,"Low Impact","465"
"75484",1,"Moderate Impact","466"
"75485",2,"Low Impact","467"
"75486",0,"Severe Impact","468"
"75487",2,"Low Impact","469"
"75488",2,"Low Impact","470"
"75489",2,"Low Impact","471"
"75490",0,"Severe Impact","472"
"75491",2,"Low Impact","473"
"75492",2,"Low Impact","474"
"75493",1,"Moderate Impact","475"
"75494",0,"Severe Impact","476"
"75495",2,"Low Impact","477"
"75496",1,"Moderate Impact","478"
"75497",0,"Severe Impact","479"
"75498",2,"Low Impact","480"
"75499",0,"Severe Impact","481"
"75500",2,"Low Impact","482"
"75501",2,"Low Impact","483"
"75502",2,"Low Impact","484"
"75503",1,"Moderate Impact","485"
"75504",2,"Low Impact","486"
"75505",1,"Moderate Impact","487"
"75506",0,"Severe Impact","488"
"75507",0,"Severe Impact","489"
"75508",0,"Severe Impact","490"
"75509",2,"Low Impact","491"
"75510",2,"Low Impact","492"
"75511",0,"Severe Impact","493"
"75512",0,"Severe Impact","494"
"75513",2,"Low Impact","495"
"75514",1,"Moderate Impact","496"
"75515",2,"Low Impact","497"
"75516",2,"Low Impact","498"
"75517",1,"Moderate Impact","499"
"75518",2,"Low Impact","500"
"75519",0,"Severe Impact","501"
"75520",2,"Low Impact","502"
"75521",1,"Moderate Impact","503"
"75522",2,"Low Impact","504"
"75523",2,"Low Impact","505"
"75524",1,"Moderate Impact","506"
"75525",0,"Severe Impact","507"
"75526",1,"Moderate Impact","508"
"75527",1,"Moderate Impact","509"
"75528",1,"Moderate Impact","510"
"75529",2,"Low Impact","511"
"75530",1,"Moderate Impact","512"
"75531",2,"Low Impact","513"
"75532",2,"Low Impact","514"
"75533",1,"Moderate Impact","515"
"75534",1,"Moderate Impact","516"
"75535",0,"Severe Impact","517"
"75536",2,"Low Impact","518"
"75537",2,"Low Impact","519"
"75538",0,"Severe Impact","520"
"75539",1,"Moderate Impact","521"
"75540",2,"Low Impact","522"
"75541",2,"Low Impact","523"
"75542",1,"Moderate Impact","524"
"75543",1,"Moderate Impact","525"
"75544",2,"Low Impact","526"
"75545",2,"Low Impact","527"
"75546",2,"Low Impact","528"
"75547",2,"Low Impact","529"
"75548",2,"Low Impact","530"
"75549",2,"Low Impact","531"
"75550",1,"Moderate Impact","532"
"75551",2,"Low Impact","533"
"75552",0,"Severe Impact","534"
"75553",2,"Low Impact","535"
"75554",2,"Low Impact","536"
"75555",0,"Severe Impact","537"
"75556",2,"Low Impact","538"
"75557",1,"Moderate Impact","539"
"75558",2,"Low Impact","540"
"75559",1,"Moderate Impact","541"
"75560",2,"Low Impact","542"
"75561",0,"Severe Impact","543"
"75562",2,"Low Impact","544"
"75563",0,"Severe Impact","545"
"75564",1,"Moderate Impact","546"
"75565",2,"Low Impact","547"
"75566",1,"Moderate Impact","548"
"75567",1,"Moderate Impact","549"
"75568",2,"Low Impact","550"
"75569",2,"Low Impact","551"
"75570",2,"Low Impact","552"
"75571",0,"Severe Impact","553"
"75572",0,"Severe Impact","554"
"75573",1,"Moderate Impact","555"
"75574",0,"Severe Impact","556"
"75575",2,"Low Impact","557"
"75576",2,"Low Impact","558"
"75577",2,"Low Impact","559"
"75578",2,"Low Impact","560"
"75579",2,"Low Impact","561"
"75580",2,"Low Impact","562"
"75581",2,"Low Impact","563"
"75582",2,"Low Impact","564"
"75583",2,"Low Impact","565"
"75584",1,"Moderate Impact","566"
"75585",1,"Moderate Impact","567"
"75586",1,"Moderate Impact","568"
"75587",1,"Moderate Impact","569"
"75588",1,"Moderate Impact","570"
"75589",0,"Severe Impact","571"
"75590",2,"Low Impact","572"
"75591",2,"Low Impact","573"
"75592",2,"Low Impact","574"
"75593",0,"Severe Impact","575"
"75594",1,"Moderate Impact","576"
"75595",2,"Low Impact","577"
"75596",2,"Low Impact","578"
"75597",0,"Severe Impact","579"
"75598",1,"Moderate Impact","580"
"75599",2,"Low Impact","581"
"75600",2,"Low Impact","582"
"75601",1,"Moderate Impact","583"
"75602",0,"Severe Impact","584"
"75603",1,"Moderate Impact","585"
"75604",1,"Moderate Impact","586"
"75605",2,"Low Impact","587"
"75606",1,"Moderate Impact","588"
"75607",0,"Severe Impact","589"
"75608",0,"Severe Impact","590"
"75609",2,"Low Impact","591"
"75610",0,"Severe Impact","592"
"75611",0,"Severe Impact","593"
"75612",2,"Low Impact","594"
"75613",0,"Severe Impact","595"
"75614",0,"Severe Impact","596"
"75615",2,"Low Impact","597"
"75616",2,"Low Impact","598"
"75617",2,"Low Impact","599"
"75618",1,"Moderate Impact","600"
"75619",0,"Severe Impact","601"
"75620",2,"Low Impact","602"
"75621",1,"Moderate Impact","603"
"75622",0,"Severe Impact","604"
"75623",0,"Severe Impact","605"
"75624",2,"Low Impact","606"
"75625",2,"Low Impact","607"
"75626",2,"Low Impact","608"
"75627",2,"Low Impact","609"
"75628",0,"Severe Impact","610"
"75629",2,"Low Impact","611"
"75630",2,"Low Impact","612"
"75631",2,"Low Impact","613"
"75632",2,"Low Impact","614"
"75633",1,"Moderate Impact","615"
"75634",0,"Severe Impact","616"
"75635",2,"Low Impact","617"
"75636",1,"Moderate Impact","618"
"75637",1,"Moderate Impact","619"
"75638",0,"Severe Impact","620"
"75639",2,"Low Impact","621"
"75640",2,"Low Impact","622"
"75641",2,"Low Impact","623"
"75642",2,"Low Impact","624"
"75643",2,"Low Impact","625"
"75644",1,"Moderate Impact","626"
"75645",2,"Low Impact","627"
"75646",0,"Severe Impact","628"
"75647",1,"Moderate Impact","629"
"75648",0,"Severe Impact","630"
"75649",0,"Severe Impact","631"
"75650",2,"Low Impact","632"
"75651",2,"Low Impact","633"
"75652",2,"Low Impact","634"
"75653",0,"Severe Impact","635"
"75654",2,"Low Impact","636"
"75655",1,"Moderate Impact","637"
"75656",2,"Low Impact","638"
"75657",2,"Low Impact","639"
"75658",1,"Moderate Impact","640"
"75659",1,"Moderate Impact","641"
"75660",2,"Low Impact","642"
"75661",0,"Severe Impact","643"
"75662",2,"Low Impact","644"
"75663",2,"Low Impact","645"
"75664",2,"Low Impact","646"
"75665",0,"Severe Impact","647"
"75666",0,"Severe Impact","648"
"75667",1,"Moderate Impact","649"
"75668",2,"Low Impact","650"
"75669",2,"Low Impact","651"
"75670",1,"Moderate Impact","652"
"75671",0,"Severe Impact","653"
"75672",1,"Moderate Impact","654"
"75673",2,"Low Impact","655"
"75674",2,"Low Impact","656"
"75675",1,"Moderate Impact","657"
"75676",1,"Moderate Impact","658"
"75677",1,"Moderate Impact","659"
"75678",2,"Low Impact","660"
"75679",1,"Moderate Impact","661"
"75680",0,"Severe Impact","662"
"75681",0,"Severe Impact","663"
"75682",2,"Low Impact","664"
"75683",2,"Low Impact","665"
"75684",2,"Low Impact","666"
"75685",2,"Low Impact","667"
"75686",2,"Low Impact","668"
"75687",0,"Severe Impact","669"
"75688",1,"Moderate Impact","670"
"75689",0,"Severe Impact","671"
"75690",2,"Low Impact","672"
"75691",2,"Low Impact","673"
"75692",1,"Moderate Impact","674"
"75693",0,"Severe Impact","675"
"75694",1,"Moderate Impact","676"
"75695",2,"Low Impact","677"
"75696",2,"Low Impact","678"
"75697",1,"Moderate Impact","679"
"75698",0,"Severe Impact","680"
"75699",0,"Severe Impact","681"
"75700",1,"Moderate Impact","682"
"75701",2,"Low Impact","683"
"75702",1,"Moderate Impact","684"
"75703",2,"Low Impact","685"
"75704",2,"Low Impact","686"
"75705",1,"Moderate Impact","687"
"75706",0,"Severe Impact","688"
"75707",2,"Low Impact","689"
"75708",2,"Low Impact","690"
"75709",0,"Severe Impact","691"
"75710",0,"Severe Impact","692"
"75711",2,"Low Impact","693"
"75712",2,"Low Impact","694"
"75713",0,"Severe Impact","695"
"75714",0,"Severe Impact","696"
"75715",1,"Moderate Impact","697"
"75716",2,"Low Impact","698"
"75717",1,"Moderate Impact","699"
"75718",1,"Moderate Impact","700"
"75719",2,"Low Impact","701"
"75720",0,"Severe Impact","702"
"75721",1,"Moderate Impact","703"
"75722",1,"Moderate Impact","704"
"75723",1,"Moderate Impact","705"
"75724",2,"Low Impact","706"
"75725",2,"Low Impact","707"
"75726",1,"Moderate Impact","708"
"75727",1,"Moderate Impact","709"
"75728",0,"Severe Impact","710"
"75729",1,"Moderate Impact","711"
"75730",2,"Low Impact","712"
"75731",2,"Low Impact","713"
"75732",0,"Severe Impact","714"
"75733",2,"Low Impact","715"
"75734",0,"Severe Impact","716"
"75735",0,"Severe Impact","717"
"75736",2,"Low Impact","718"
"75737",0,"Severe Impact","719"
"75738",1,"Moderate Impact","720"
"75739",2,"Low Impact","721"
"75740",0,"Severe Impact","722"
"75741",0,"Severe Impact","723"
"75742",1,"Moderate Impact","724"
"75743",0,"Severe Impact","725"
"75744",1,"Moderate Impact","726"
"75745",2,"Low Impact","727"
"75746",1,"Moderate Impact","728"
"75747",0,"Severe Impact","729"
"75748",0,"Severe Impact","730"
"75749",2,"Low Impact","731"
"75750",0,"Severe Impact","732"
"75751",2,"Low Impact","733"
"75752",2,"Low Impact","734"
"75753",0,"Severe Impact","735"
"75754",2,"Low Impact","736"
"75755",2,"Low Impact","737"
"75756",1,"Moderate Impact","738"
"75757",0,"Severe Impact","739"
"75758",1,"Moderate Impact","740"
"75759",2,"Low Impact","741"
"75760",1,"Moderate Impact","742"
"75761",2,"Low Impact","743"
"75762",0,"Severe Impact","744"
"75763",1,"Moderate Impact","745"
"75764",0,"Severe Impact","746"
"75765",1,"Moderate Impact","747"
"75766",2,"Low Impact","748"
"75767",1,"Moderate Impact","749"
"75768",2,"Low Impact","750"
"75769",2,"Low Impact","751"
"75770",0,"Severe Impact","752"
"75771",0,"Severe Impact","753"
"75772",2,"Low Impact","754"
"75773",0,"Severe Impact","755"
"75774",1,"Moderate Impact","756"
"75775",1,"Moderate Impact","757"
"75776",1,"Moderate Impact","758"
"75777",2,"Low Impact","759"
"75778",0,"Severe Impact","760"
"75779",2,"Low Impact","761"
"75780",2,"Low Impact","762"
"75781",0,"Severe Impact","763"
"75782",1,"Moderate Impact","764"
"75783",2,"Low Impact","765"
"75784",2,"Low Impact","766"
"75785",1,"Moderate Impact","767"
"75786",0,"Severe Impact","768"
"75787",2,"Low Impact","769"
"75788",1,"Moderate Impact","770"
"75789",1,"Moderate Impact","771"
"75790",2,"Low Impact","772"
"75791",2,"Low Impact","773"
"75792",1,"Moderate Impact","774"
"75793",0,"Severe Impact","775"
"75794",1,"Moderate Impact","776"
"75795",2,"Low Impact","777"
"75796",0,"Severe Impact","778"
"75797",2,"Low Impact","779"
"75798",1,"Moderate Impact","780"
"75799",0,"Severe Impact","781"
"75800",0,"Severe Impact","782"
"75801",0,"Severe Impact","783"
"75802",2,"Low Impact","784"
"75803",0,"Severe Impact","785"
"75804",2,"Low Impact","786"
"75805",2,"Low Impact","787"
"75806",2,"Low Impact","788"
"75807",2,"Low Impact","789"
"75808",1,"Moderate Impact","790"
"75809",0,"Severe Impact","791"
"75810",1,"Moderate Impact","792"
"75811",2,"Low Impact","793"
"75812",1,"Moderate Impact","794"
"75813",2,"Low Impact","795"
"75814",2,"Low Impact","796"
"75815",1,"Moderate Impact","797"
"75816",1,"Moderate Impact","798"
"75817",2,"Low Impact","799"
"75818",1,"Moderate Impact","800"
"75819",0,"Severe Impact","801"
"75820",1,"Moderate Impact","802"
"75821",2,"Low Impact","803"
"75822",2,"Low Impact","804"
"75823",2,"Low Impact","805"
"75824",1,"Moderate Impact","806"
"75825",2,"Low Impact","807"
"75826",0,"Severe Impact","808"
"75827",1,"Moderate Impact","809"
"75828",1,"Moderate Impact","810"
"75829",2,"Low Impact","811"
"75830",2,"Low Impact","812"
"75831",0,"Severe Impact","813"
"75832",1,"Moderate Impact","814"
"75833",0,"Severe Impact","815"
"75834",2,"Low Impact","816"
"75835",0,"Severe Impact","817"
"75836",1,"Moderate Impact","818"
"75837",0,"Severe Impact","819"
"75838",2,"Low Impact","820"
"75839",0,"Severe Impact","821"
"75840",2,"Low Impact","822"
"75841",2,"Low Impact","823"
"75842",2,"Low Impact","824"
"75843",0,"Severe Impact","825"
"75844",1,"Moderate Impact","826"
"75845",1,"Moderate Impact","827"
"75846",2,"Low Impact","828"
"75847",1,"Moderate Impact","829"
"75848",0,"Severe Impact","830"
"75849",1,"Moderate Impact","831"
"75850",2,"Low Impact","832"
"75851",2,"Low Impact","833"
"75852",2,"Low Impact","834"
"75853",2,"Low Impact","835"
"75854",1,"Moderate Impact","836"
"75855",0,"Severe Impact","837"
"75856",1,"Moderate Impact","838"
"75857",1,"Moderate Impact","839"
"75858",1,"Moderate Impact","840"
"75859",0,"Severe Impact","841"
"75860",0,"Severe Impact","842"
"75861",0,"Severe Impact","843"
"75862",2,"Low Impact","844"
"75863",2,"Low Impact","845"
"75864",2,"Low Impact","846"
"75865",0,"Severe Impact","847"
"75866",0,"Severe Impact","848"
"75867",2,"Low Impact","849"
"75868",1,"Moderate Impact","850"
"75869",2,"Low Impact","851"
"75870",2,"Low Impact","852"
"75871",0,"Severe Impact","853"
"75872",2,"Low Impact","854"
"75873",2,"Low Impact","855"
"75874",2,"Low Impact","856"
"75875",2,"Low Impact","857"
"75876",2,"Low Impact","858"
"75877",1,"Moderate Impact","859"
"75878",0,"Severe Impact","860"
"75879",1,"Moderate Impact","861"
"75880",2,"Low Impact","862"
"75881",2,"Low Impact","863"
"75882",2,"Low Impact","864"
"75883",1,"Moderate Impact","865"
"75884",1,"Moderate Impact","866"
"75885",1,"Moderate Impact","867"
"75886",1,"Moderate Impact","868"
"75887",0,"Severe Impact","869"
"75888",1,"Moderate Impact","870"
"75889",0,"Severe Impact","871"
"75890",2,"Low Impact","872"
"75891",0,"Severe Impact","873"
"75892",1,"Moderate Impact","874"
"75893",1,"Moderate Impact","875"
"75894",2,"Low Impact","876"
"75895",1,"Moderate Impact","877"
"75896",1,"Moderate Impact","878"
"75897",1,"Moderate Impact","879"
"75898",1,"Moderate Impact","880"
"75899",1,"Moderate Impact","881"
"75900",0,"Severe Impact","882"
"75901",0,"Severe Impact","883"
"75902",2,"Low Impact","884"
"75903",2,"Low Impact","885"
"75904",2,"Low Impact","886"
"75905",0,"Severe Impact","887"
"75906",0,"Severe Impact","888"
"75907",2,"Low Impact","889"
"75908",2,"Low Impact","890"
"75909",2,"Low Impact","891"
"75910",0,"Severe Impact","892"
"75911",2,"Low Impact","893"
"75912",1,"Moderate Impact","894"
"75913",0,"Severe Impact","895"
"75914",1,"Moderate Impact","896"
"75915",2,"Low Impact","897"
"75916",0,"Severe Impact","898"
"75917",1,"Moderate Impact","899"
"75918",2,"Low Impact","900"
"75919",0,"Severe Impact","901"
"75920",1,"Moderate Impact","902"
"75921",0,"Severe Impact","903"
"75922",0,"Severe Impact","904"
"75923",1,"Moderate Impact","905"
"75924",1,"Moderate Impact","906"
"75925",0,"Severe Impact","907"
"75926",1,"Moderate Impact","908"
"75927",2,"Low Impact","909"
"75928",2,"Low Impact","910"
"75929",0,"Severe Impact","911"
"75930",2,"Low Impact","912"
"75931",0,"Severe Impact","913"
"75932",2,"Low Impact","914"
"75933",1,"Moderate Impact","915"
"75934",0,"Severe Impact","916"
"75935",1,"Moderate Impact","917"
"75936",0,"Severe Impact","918"
"75937",0,"Severe Impact","919"
"75938",1,"Moderate Impact","920"
"75939",1,"Moderate Impact","921"
"75940",1,"Moderate Impact","922"
"75941",1,"Moderate Impact","923"
"75942",0,"Severe Impact","924"
"75943",2,"Low Impact","925"
"75944",2,"Low Impact","926"
"75945",2,"Low Impact","927"
"75946",1,"Moderate Impact","928"
"75947",0,"Severe Impact","929"
"75948",1,"Moderate Impact","930"
"75949",0,"Severe Impact","931"
"75950",1,"Moderate Impact","932"
"75951",1,"Moderate Impact","933"
"75952",1,"Moderate Impact","934"
"75953",2,"Low Impact","935"
"75954",1,"Moderate Impact","936"
"75955",1,"Moderate Impact","937"
"75956",2,"Low Impact","938"
"75957",1,"Moderate Impact","939"
"75958",2,"Low Impact","940"
"75959",0,"Severe Impact","941"
"75960",0,"Severe Impact","942"
"75961",1,"Moderate Impact","943"
"75962",2,"Low Impact","944"
"75963",1,"Moderate Impact","945"
"75964",0,"Severe Impact","946"
"75965",1,"Moderate Impact","947"
"75966",2,"Low Impact","948"
"75967",0,"Severe Impact","949"
"75968",0,"Severe Impact","950"
"75969",0,"Severe Impact","951"
"75970",1,"Moderate Impact","952"
"75971",2,"Low Impact","953"
"75972",1,"Moderate Impact","954"
"75973",0,"Severe Impact","955"
"75974",2,"Low Impact","956"
"75975",1,"Moderate Impact","957"
"75976",2,"Low Impact","958"
"75977",2,"Low Impact","959"
"75978",2,"Low Impact","960"
"75979",0,"Severe Impact","961"
"75980",0,"Severe Impact","962"
"75981",1,"Moderate Impact","963"
"75982",2,"Low Impact","964"
"75983",1,"Moderate Impact","965"
"75984",1,"Moderate Impact","966"
"75985",1,"Moderate Impact","967"
"75986",0,"Severe Impact","968"
"75987",2,"Low Impact","969"
"75988",1,"Moderate Impact","970"
"75989",1,"Moderate Impact","971"
"75990",0,"Severe Impact","972"
"75991",2,"Low Impact","973"
"75992",1,"Moderate Impact","974"
"75993",2,"Low Impact","975"
"75994",1,"Moderate Impact","976"
"75995",0,"Severe Impact","977"
"75996",0,"Severe Impact","978"
"75997",1,"Moderate Impact","979"
"75998",0,"Severe Impact","980"
"75999",1,"Moderate Impact","981"
"76000",2,"Low Impact","982"
"76001",0,"Severe Impact","983"
"76002",1,"Moderate Impact","984"
"76003",0,"Severe Impact","985"
"76004",2,"Low Impact","986"
"76005",2,"Low Impact","987"
"76006",2,"Low Impact","988"
"76007",2,"Low Impact","989"
"76008",2,"Low Impact","990"
"76009",1,"Moderate Impact","991"
"76010",2,"Low Impact","992"
"76011",2,"Low Impact","993"
"76012",2,"Low Impact","994"
"76013",2,"Low Impact","995"
"76014",1,"Moderate Impact","996"
"76015",1,"Moderate Impact","997"
"76016",1,"Moderate Impact","998"
"76017",1,"Moderate Impact","999"
"76018",2,"Low Impact","1000"
"76019",1,"Moderate Impact","1001"
"76020",2,"Low Impact","1002"
"76021",2,"Low Impact","1003"
"76022",0,"Severe Impact","1004"
"76023",2,"Low Impact","1005"
"76024",0,"Severe Impact","1006"
"76025",2,"Low Impact","1007"
"76026",2,"Low Impact","1008"
"76027",2,"Low Impact","1009"
"76028",1,"Moderate Impact","1010"
"76029",1,"Moderate Impact","1011"
"76030",2,"Low Impact","1012"
"76031",1,"Moderate Impact","1013"
"76032",2,"Low Impact","1014"
"76033",2,"Low Impact","1015"
"76034",1,"Moderate Impact","1016"
"76035",0,"Severe Impact","1017"
"76036",2,"Low Impact","1018"
"76037",1,"Moderate Impact","1019"
"76038",1,"Moderate Impact","1020"
"76039",0,"Severe Impact","1021"
"76040",2,"Low Impact","1022"
"76041",0,"Severe Impact","1023"
"76042",2,"Low Impact","1024"
"76043",0,"Severe Impact","1025"
"76044",0,"Severe Impact","1026"
"76045",2,"Low Impact","1027"
"76046",2,"Low Impact","1028"
"76047",1,"Moderate Impact","1029"
"76048",2,"Low Impact","1030"
"76049",2,"Low Impact","1031"
"76050",1,"Moderate Impact","1032"
"76051",0,"Severe Impact","1033"
"76052",2,"Low Impact","1034"
"76053",0,"Severe Impact","1035"
"76054",2,"Low Impact","1036"
"76055",2,"Low Impact","1037"
"76056",2,"Low Impact","1038"
"76057",2,"Low Impact","1039"
"76058",2,"Low Impact","1040"
"76059",1,"Moderate Impact","1041"
"76060",2,"Low Impact","1042"
"76061",0,"Severe Impact","1043"
"76062",0,"Severe Impact","1044"
"76063",2,"Low Impact","1045"
"76064",1,"Moderate Impact","1046"
"76065",2,"Low Impact","1047"
"76066",1,"Moderate Impact","1048"
"76067",2,"Low Impact","1049"
"76068",1,"Moderate Impact","1050"
"76069",1,"Moderate Impact","1051"
"76070",2,"Low Impact","1052"
"76071",2,"Low Impact","1053"
"76072",0,"Severe Impact","1054"
"76073",2,"Low Impact","1055"
"76074",1,"Moderate Impact","1056"
"76075",1,"Moderate Impact","1057"
"76076",2,"Low Impact","1058"
"76077",0,"Severe Impact","1059"
"76078",0,"Severe Impact","1060"
"76079",0,"Severe Impact","1061"
"76080",2,"Low Impact","1062"
"76081",0,"Severe Impact","1063"
"76082",2,"Low Impact","1064"
"76083",2,"Low Impact","1065"
"76084",1,"Moderate Impact","1066"
"76085",1,"Moderate Impact","1067"
"76086",1,"Moderate Impact","1068"
"76087",0,"Severe Impact","1069"
"76088",2,"Low Impact","1070"
"76089",2,"Low Impact","1071"
"76090",1,"Moderate Impact","1072"
"76091",0,"Severe Impact","1073"
"76092",0,"Severe Impact","1074"
"76093",2,"Low Impact","1075"
"76094",1,"Moderate Impact","1076"
"76095",0,"Severe Impact","1077"
"76096",1,"Moderate Impact","1078"
"76097",2,"Low Impact","1079"
"76098",0,"Severe Impact","1080"
"76099",2,"Low Impact","1081"
"76100",0,"Severe Impact","1082"
"76101",0,"Severe Impact","1083"
"76102",2,"Low Impact","1084"
"76103",1,"Moderate Impact","1085"
"76104",2,"Low Impact","1086"
"76105",0,"Severe Impact","1087"
"76106",1,"Moderate Impact","1088"
"76107",2,"Low Impact","1089"
"76108",1,"Moderate Impact","1090"
"76109",0,"Severe Impact","1091"
"76110",2,"Low Impact","1092"
"76111",2,"Low Impact","1093"
"76112",2,"Low Impact","1094"
"76113",0,"Severe Impact","1095"
"76114",1,"Moderate Impact","1096"
"76115",0,"Severe Impact","1097"
"76116",1,"Moderate Impact","1098"
"76117",1,"Moderate Impact","1099"
"76118",0,"Severe Impact","1100"
"76119",0,"Severe Impact","1101"
"76120",1,"Moderate Impact","1102"
"76121",0,"Severe Impact","1103"
"76122",2,"Low Impact","1104"
"76123",0,"Severe Impact","1105"
"76124",2,"Low Impact","1106"
"76125",0,"Severe Impact","1107"
"76126",1,"Moderate Impact","1108"
"76127",0,"Severe Impact","1109"
"76128",1,"Moderate Impact","1110"
"76129",0,"Severe Impact","1111"
"76130",0,"Severe Impact","1112"
"76131",2,"Low Impact","1113"
"76132",2,"Low Impact","1114"
"76133",0,"Severe Impact","1115"
"76134",2,"Low Impact","1116"
"76135",2,"Low Impact","1117"
"76136",2,"Low Impact","1118"
"76137",2,"Low Impact","1119"
"76138",2,"Low Impact","1120"
"76139",1,"Moderate Impact","1121"
"76140",0,"Severe Impact","1122"
"76141",0,"Severe Impact","1123"
"76142",2,"Low Impact","1124"
"76143",0,"Severe Impact","1125"
"76144",0,"Severe Impact","1126"
"76145",2,"Low Impact","1127"
"76146",1,"Moderate Impact","1128"
"76147",2,"Low Impact","1129"
"76148",2,"Low Impact","1130"
"76149",0,"Severe Impact","1131"
"76150",0,"Severe Impact","1132"
"76151",2,"Low Impact","1133"
"76152",1,"Moderate Impact","1134"
"76153",2,"Low Impact","1135"
"76154",2,"Low Impact","1136"
"76155",2,"Low Impact","1137"
"76156",2,"Low Impact","1138"
"76157",2,"Low Impact","1139"
"76158",1,"Moderate Impact","1140"
"76159",1,"Moderate Impact","1141"
"76160",0,"Severe Impact","1142"
"76161",2,"Low Impact","1143"
"76162",1,"Moderate Impact","1144"
"76163",0,"Severe Impact","1145"
"76164",2,"Low Impact","1146"
"76165",0,"Severe Impact","1147"
"76166",0,"Severe Impact","1148"
"76167",0,"Severe Impact","1149"
"76168",0,"Severe Impact","1150"
"76169",1,"Moderate Impact","1151"
"76170",2,"Low Impact","1152"
"76171",2,"Low Impact","1153"
"76172",2,"Low Impact","1154"
"76173",0,"Severe Impact","1155"
"76174",0,"Severe Impact","1156"
"76175",2,"Low Impact","1157"
"76176",2,"Low Impact","1158"
"76177",2,"Low Impact","1159"
"76178",0,"Severe Impact","1160"
"76179",0,"Severe Impact","1161"
"76180",2,"Low Impact","1162"
"76181",2,"Low Impact","1163"
"76182",1,"Moderate Impact","1164"
"76183",2,"Low Impact","1165"
"76184",1,"Moderate Impact","1166"
"76185",1,"Moderate Impact","1167"
"76186",2,"Low Impact","1168"
"76187",2,"Low Impact","1169"
"76188",2,"Low Impact","1170"
"76189",1,"Moderate Impact","1171"
"76190",2,"Low Impact","1172"
"76191",0,"Severe Impact","1173"
"76192",1,"Moderate Impact","1174"
"76193",0,"Severe Impact","1175"
"76194",0,"Severe Impact","1176"
"76195",2,"Low Impact","1177"
"76196",0,"Severe Impact","1178"
"76197",2,"Low Impact","1179"
"76198",0,"Severe Impact","1180"
"76199",1,"Moderate Impact","1181"
"76200",1,"Moderate Impact","1182"
"76201",1,"Moderate Impact","1183"
"76202",2,"Low Impact","1184"
"76203",2,"Low Impact","1185"
"76204",0,"Severe Impact","1186"
"76205",2,"Low Impact","1187"
"76206",1,"Moderate Impact","1188"
"76207",2,"Low Impact","1189"
"76208",2,"Low Impact","1190"
"76209",1,"Moderate Impact","1191"
"76210",1,"Moderate Impact","1192"
"76211",2,"Low Impact","1193"
"76212",2,"Low Impact","1194"
"76213",0,"Severe Impact","1195"
"76214",2,"Low Impact","1196"
"76215",2,"Low Impact","1197"
"76216",0,"Severe Impact","1198"
"76217",2,"Low Impact","1199"
"76218",1,"Moderate Impact","1200"
"76219",1,"Moderate Impact","1201"
"76220",0,"Severe Impact","1202"
"76221",1,"Moderate Impact","1203"
"76222",2,"Low Impact","1204"
"76223",1,"Moderate Impact","1205"
"76224",1,"Moderate Impact","1206"
"76225",0,"Severe Impact","1207"
"76226",2,"Low Impact","1208"
"76227",0,"Severe Impact","1209"
"76228",0,"Severe Impact","1210"
"76229",2,"Low Impact","1211"
"76230",1,"Moderate Impact","1212"
"76231",1,"Moderate Impact","1213"
"76232",1,"Moderate Impact","1214"
"76233",2,"Low Impact","1215"
"76234",2,"Low Impact","1216"
"76235",2,"Low Impact","1217"
"76236",1,"Moderate Impact","1218"
"76237",0,"Severe Impact","1219"
"76238",2,"Low Impact","1220"
"76239",1,"Moderate Impact","1221"
"76240",0,"Severe Impact","1222"
"76241",2,"Low Impact","1223"
"76242",0,"Severe Impact","1224"
"76243",0,"Severe Impact","1225"
"76244",2,"Low Impact","1226"
"76245",0,"Severe Impact","1227"
"76246",2,"Low Impact","1228"
"76247",1,"Moderate Impact","1229"
"76248",1,"Moderate Impact","1230"
"76249",1,"Moderate Impact","1231"
"76250",1,"Moderate Impact","1232"
"76251",1,"Moderate Impact","1233"
"76252",2,"Low Impact","1234"
"76253",1,"Moderate Impact","1235"
"76254",0,"Severe Impact","1236"
"76255",0,"Severe Impact","1237"
"76256",0,"Severe Impact","1238"
"76257",1,"Moderate Impact","1239"
"76258",0,"Severe Impact","1240"
"76259",0,"Severe Impact","1241"
"76260",2,"Low Impact","1242"
"76261",2,"Low Impact","1243"
"76262",2,"Low Impact","1244"
"76263",0,"Severe Impact","1245"
"76264",2,"Low Impact","1246"
"76265",2,"Low Impact","1247"
"76266",0,"Severe Impact","1248"
"76267",2,"Low Impact","1249"
"76268",2,"Low Impact","1250"
"76269",2,"Low Impact","1251"
"76270",2,"Low Impact","1252"
"76271",1,"Moderate Impact","1253"
"76272",0,"Severe Impact","1254"
"76273",0,"Severe Impact","1255"
"76274",1,"Moderate Impact","1256"
"76275",2,"Low Impact","1257"
"76276",2,"Low Impact","1258"
"76277",2,"Low Impact","1259"
"76278",2,"Low Impact","1260"
"76279",1,"Moderate Impact","1261"
"76280",0,"Severe Impact","1262"
"76281",2,"Low Impact","1263"
"76282",0,"Severe Impact","1264"
"76283",0,"Severe Impact","1265"
"76284",0,"Severe Impact","1266"
"76285",0,"Severe Impact","1267"
"76286",2,"Low Impact","1268"
"76287",1,"Moderate Impact","1269"
"76288",2,"Low Impact","1270"
"76289",1,"Moderate Impact","1271"
"76290",1,"Moderate Impact","1272"
"76291",0,"Severe Impact","1273"
"76292",1,"Moderate Impact","1274"
"76293",2,"Low Impact","1275"
"76294",0,"Severe Impact","1276"
"76295",0,"Severe Impact","1277"
"76296",1,"Moderate Impact","1278"
"76297",2,"Low Impact","1279"
"76298",0,"Severe Impact","1280"
"76299",0,"Severe Impact","1281"
"76300",2,"Low Impact","1282"
"76301",1,"Moderate Impact","1283"
"76302",0,"Severe Impact","1284"
"76303",0,"Severe Impact","1285"
"76304",2,"Low Impact","1286"
"76305",1,"Moderate Impact","1287"
"76306",0,"Severe Impact","1288"
"76307",0,"Severe Impact","1289"
"76308",2,"Low Impact","1290"
"76309",2,"Low Impact","1291"
"76310",1,"Moderate Impact","1292"
"76311",1,"Moderate Impact","1293"
"76312",0,"Severe Impact","1294"
"76313",0,"Severe Impact","1295"
"76314",2,"Low Impact","1296"
"76315",0,"Severe Impact","1297"
"76316",2,"Low Impact","1298"
"76317",0,"Severe Impact","1299"
"76318",1,"Moderate Impact","1300"
"76319",0,"Severe Impact","1301"
"76320",0,"Severe Impact","1302"
"76321",2,"Low Impact","1303"
"76322",0,"Severe Impact","1304"
"76323",1,"Moderate Impact","1305"
"76324",0,"Severe Impact","1306"
"76325",0,"Severe Impact","1307"
"76326",2,"Low Impact","1308"
"76327",0,"Severe Impact","1309"
"76328",0,"Severe Impact","1310"
"76329",0,"Severe Impact","1311"
"76330",1,"Moderate Impact","1312"
"76331",1,"Moderate Impact","1313"
"76332",0,"Severe Impact","1314"
"76333",1,"Moderate Impact","1315"
"76334",0,"Severe Impact","1316"
"76335",0,"Severe Impact","1317"
"76336",2,"Low Impact","1318"
"76337",0,"Severe Impact","1319"
"76338",2,"Low Impact","1320"
"76339",1,"Moderate Impact","1321"
"76340",0,"Severe Impact","1322"
"76341",1,"Moderate Impact","1323"
"76342",2,"Low Impact","1324"
"76343",1,"Moderate Impact","1325"
"76344",1,"Moderate Impact","1326"
"76345",2,"Low Impact","1327"
"76346",0,"Severe Impact","1328"
"76347",0,"Severe Impact","1329"
"76348",1,"Moderate Impact","1330"
"76349",2,"Low Impact","1331"
"76350",2,"Low Impact","1332"
"76351",2,"Low Impact","1333"
"76352",2,"Low Impact","1334"
"76353",2,"Low Impact","1335"
"76354",2,"Low Impact","1336"
"76355",0,"Severe Impact","1337"
"76356",1,"Moderate Impact","1338"
"76357",0,"Severe Impact","1339"
"76358",2,"Low Impact","1340"
"76359",1,"Moderate Impact","1341"
"76360",2,"Low Impact","1342"
"76361",2,"Low Impact","1343"
"76362",0,"Severe Impact","1344"
"76363",2,"Low Impact","1345"
"76364",1,"Moderate Impact","1346"
"76365",1,"Moderate Impact","1347"
"76366",2,"Low Impact","1348"
"76367",0,"Severe Impact","1349"
"76368",1,"Moderate Impact","1350"
"76369",1,"Moderate Impact","1351"
"76370",0,"Severe Impact","1352"
"76371",0,"Severe Impact","1353"
"76372",2,"Low Impact","1354"
"76373",2,"Low Impact","1355"
"76374",2,"Low Impact","1356"
"76375",2,"Low Impact","1357"
"76376",1,"Moderate Impact","1358"
"76377",2,"Low Impact","1359"
"76378",1,"Moderate Impact","1360"
"76379",1,"Moderate Impact","1361"
"76380",2,"Low Impact","1362"
"76381",1,"Moderate Impact","1363"
"76382",1,"Moderate Impact","1364"
"76383",2,"Low Impact","1365"
"76384",0,"Severe Impact","1366"
"76385",2,"Low Impact","1367"
"76386",0,"Severe Impact","1368"
"76387",2,"Low Impact","1369"
"76388",0,"Severe Impact","1370"
"76389",1,"Moderate Impact","1371"
"76390",2,"Low Impact","1372"
"76391",2,"Low Impact","1373"
"76392",0,"Severe Impact","1374"
"76393",2,"Low Impact","1375"
"76394",2,"Low Impact","1376"
"76395",0,"Severe Impact","1377"
"76396",0,"Severe Impact","1378"
"76397",1,"Moderate Impact","1379"
"76398",0,"Severe Impact","1380"
"76399",0,"Severe Impact","1381"
"76400",1,"Moderate Impact","1382"
"76401",2,"Low Impact","1383"
"76402",1,"Moderate Impact","1384"
"76403",2,"Low Impact","1385"
"76404",1,"Moderate Impact","1386"
"76405",1,"Moderate Impact","1387"
"76406",2,"Low Impact","1388"
"76407",1,"Moderate Impact","1389"
"76408",1,"Moderate Impact","1390"
"76409",2,"Low Impact","1391"
"76410",2,"Low Impact","1392"
"76411",1,"Moderate Impact","1393"
"76412",1,"Moderate Impact","1394"
"76413",2,"Low Impact","1395"
"76414",0,"Severe Impact","1396"
"76415",1,"Moderate Impact","1397"
"76416",1,"Moderate Impact","1398"
"76417",0,"Severe Impact","1399"
"76418",2,"Low Impact","1400"
"76419",1,"Moderate Impact","1401"
"76420",0,"Severe Impact","1402"
"76421",2,"Low Impact","1403"
"76422",0,"Severe Impact","1404"
"76423",0,"Severe Impact","1405"
"76424",0,"Severe Impact","1406"
"76425",0,"Severe Impact","1407"
"76426",2,"Low Impact","1408"
"76427",2,"Low Impact","1409"
"76428",2,"Low Impact","1410"
"76429",0,"Severe Impact","1411"
"76430",2,"Low Impact","1412"
"76431",1,"Moderate Impact","1413"
"76432",2,"Low Impact","1414"
"76433",0,"Severe Impact","1415"
"76434",2,"Low Impact","1416"
"76435",0,"Severe Impact","1417"
"76436",2,"Low Impact","1418"
"76437",2,"Low Impact","1419"
"76438",2,"Low Impact","1420"
"76439",2,"Low Impact","1421"
"76440",0,"Severe Impact","1422"
"76441",1,"Moderate Impact","1423"
"76442",1,"Moderate Impact","1424"
"76443",0,"Severe Impact","1425"
"76444",2,"Low Impact","1426"
"76445",0,"Severe Impact","1427"
"76446",2,"Low Impact","1428"
"76447",0,"Severe Impact","1429"
"76448",2,"Low Impact","1430"
"76449",0,"Severe Impact","1431"
"76450",2,"Low Impact","1432"
"76451",2,"Low Impact","1433"
"76452",1,"Moderate Impact","1434"
"76453",2,"Low Impact","1435"
"76454",2,"Low Impact","1436"
"76455",1,"Moderate Impact","1437"
"76456",1,"Moderate Impact","1438"
"76457",1,"Moderate Impact","1439"
"76458",2,"Low Impact","1440"
"76459",0,"Severe Impact","1441"
"76460",2,"Low Impact","1442"
"76461",0,"Severe Impact","1443"
"76462",2,"Low Impact","1444"
"76463",0,"Severe Impact","1445"
"76464",2,"Low Impact","1446"
"76465",2,"Low Impact","1447"
"76466",2,"Low Impact","1448"
"76467",1,"Moderate Impact","1449"
"76468",1,"Moderate Impact","1450"
"76469",2,"Low Impact","1451"
"76470",2,"Low Impact","1452"
"76471",2,"Low Impact","1453"
"76472",2,"Low Impact","1454"
"76473",1,"Moderate Impact","1455"
"76474",2,"Low Impact","1456"
"76475",2,"Low Impact","1457"
"76476",0,"Severe Impact","1458"
"76477",1,"Moderate Impact","1459"
"76478",1,"Moderate Impact","1460"
"76479",2,"Low Impact","1461"
"76480",0,"Severe Impact","1462"
"76481",2,"Low Impact","1463"
"76482",2,"Low Impact","1464"
"76483",2,"Low Impact","1465"
"76484",0,"Severe Impact","1466"
"76485",0,"Severe Impact","1467"
"76486",2,"Low Impact","1468"
"76487",2,"Low Impact","1469"
"76488",0,"Severe Impact","1470"
"76489",1,"Moderate Impact","1471"
"76490",2,"Low Impact","1472"
"76491",0,"Severe Impact","1473"
"76492",0,"Severe Impact","1474"
"76493",2,"Low Impact","1475"
"76494",1,"Moderate Impact","1476"
"76495",0,"Severe Impact","1477"
"76496",2,"Low Impact","1478"
"76497",2,"Low Impact","1479"
"76498",2,"Low Impact","1480"
"76499",1,"Moderate Impact","1481"
"76500",2,"Low Impact","1482"
"76501",0,"Severe Impact","1483"
"76502",2,"Low Impact","1484"
"76503",0,"Severe Impact","1485"
"76504",0,"Severe Impact","1486"
"76505",0,"Severe Impact","1487"
"76506",0,"Severe Impact","1488"
"76507",2,"Low Impact","1489"
"76508",2,"Low Impact","1490"
"76509",2,"Low Impact","1491"
"76510",2,"Low Impact","1492"
"76511",0,"Severe Impact","1493"
"76512",0,"Severe Impact","1494"
"76513",0,"Severe Impact","1495"
"76514",0,"Severe Impact","1496"
"76515",1,"Moderate Impact","1497"
"76516",1,"Moderate Impact","1498"
"76517",0,"Severe Impact","1499"
"76518",0,"Severe Impact","1500"
"76519",0,"Severe Impact","1501"
"76520",0,"Severe Impact","1502"
"76521",0,"Severe Impact","1503"
"76522",1,"Moderate Impact","1504"
"76523",2,"Low Impact","1505"
"76524",1,"Moderate Impact","1506"
"76525",2,"Low Impact","1507"
"76526",2,"Low Impact","1508"
"76527",1,"Moderate Impact","1509"
"76528",2,"Low Impact","1510"
"76529",0,"Severe Impact","1511"
"76530",2,"Low Impact","1512"
"76531",0,"Severe Impact","1513"
"76532",2,"Low Impact","1514"
"76533",1,"Moderate Impact","1515"
"76534",1,"Moderate Impact","1516"
"76535",0,"Severe Impact","1517"
"76536",2,"Low Impact","1518"
"76537",0,"Severe Impact","1519"
"76538",1,"Moderate Impact","1520"
"76539",2,"Low Impact","1521"
"76540",0,"Severe Impact","1522"
"76541",0,"Severe Impact","1523"
"76542",1,"Moderate Impact","1524"
"76543",0,"Severe Impact","1525"
"76544",1,"Moderate Impact","1526"
"76545",1,"Moderate Impact","1527"
"76546",1,"Moderate Impact","1528"
"76547",1,"Moderate Impact","1529"
"76548",2,"Low Impact","1530"
"76549",2,"Low Impact","1531"
"76550",2,"Low Impact","1532"
"76551",2,"Low Impact","1533"
"76552",0,"Severe Impact","1534"
"76553",0,"Severe Impact","1535"
"76554",0,"Severe Impact","1536"
"76555",1,"Moderate Impact","1537"
"76556",1,"Moderate Impact","1538"
"76557",2,"Low Impact","1539"
"76558",2,"Low Impact","1540"
"76559",2,"Low Impact","1541"
"76560",1,"Moderate Impact","1542"
"76561",2,"Low Impact","1543"
"76562",2,"Low Impact","1544"
"76563",2,"Low Impact","1545"
"76564",2,"Low Impact","1546"
"76565",2,"Low Impact","1547"
"76566",2,"Low Impact","1548"
"76567",1,"Moderate Impact","1549"
"76568",2,"Low Impact","1550"
"76569",0,"Severe Impact","1551"
"76570",1,"Moderate Impact","1552"
"76571",0,"Severe Impact","1553"
"76572",1,"Moderate Impact","1554"
"76573",1,"Moderate Impact","1555"
"76574",1,"Moderate Impact","1556"
"76575",2,"Low Impact","1557"
"76576",0,"Severe Impact","1558"
"76577",2,"Low Impact","1559"
"76578",1,"Moderate Impact","1560"
"76579",2,"Low Impact","1561"
"76580",0,"Severe Impact","1562"
"76581",2,"Low Impact","1563"
"76582",0,"Severe Impact","1564"
"76583",2,"Low Impact","1565"
"76584",0,"Severe Impact","1566"
"76585",1,"Moderate Impact","1567"
"76586",2,"Low Impact","1568"
"76587",1,"Moderate Impact","1569"
"76588",1,"Moderate Impact","1570"
"76589",2,"Low Impact","1571"
"76590",2,"Low Impact","1572"
"76591",0,"Severe Impact","1573"
"76592",2,"Low Impact","1574"
"76593",0,"Severe Impact","1575"
"76594",0,"Severe Impact","1576"
"76595",1,"Moderate Impact","1577"
"76596",1,"Moderate Impact","1578"
"76597",1,"Moderate Impact","1579"
"76598",2,"Low Impact","1580"
"76599",1,"Moderate Impact","1581"
"76600",1,"Moderate Impact","1582"
"76601",0,"Severe Impact","1583"
"76602",1,"Moderate Impact","1584"
"76603",1,"Moderate Impact","1585"
"76604",0,"Severe Impact","1586"
"76605",0,"Severe Impact","1587"
"76606",2,"Low Impact","1588"
"76607",1,"Moderate Impact","1589"
"76608",2,"Low Impact","1590"
"76609",2,"Low Impact","1591"
"76610",2,"Low Impact","1592"
"76611",1,"Moderate Impact","1593"
"76612",0,"Severe Impact","1594"
"76613",0,"Severe Impact","1595"
"76614",1,"Moderate Impact","1596"
"76615",2,"Low Impact","1597"
"76616",0,"Severe Impact","1598"
"76617",1,"Moderate Impact","1599"
"76618",1,"Moderate Impact","1600"
"76619",0,"Severe Impact","1601"
"76620",0,"Severe Impact","1602"
"76621",2,"Low Impact","1603"
"76622",0,"Severe Impact","1604"
"76623",0,"Severe Impact","1605"
"76624",0,"Severe Impact","1606"
"76625",1,"Moderate Impact","1607"
"76626",2,"Low Impact","1608"
"76627",0,"Severe Impact","1609"
"76628",1,"Moderate Impact","1610"
"76629",2,"Low Impact","1611"
"76630",0,"Severe Impact","1612"
"76631",2,"Low Impact","1613"
"76632",1,"Moderate Impact","1614"
"76633",0,"Severe Impact","1615"
"76634",0,"Severe Impact","1616"
"76635",0,"Severe Impact","1617"
"76636",2,"Low Impact","1618"
"76637",1,"Moderate Impact","1619"
"76638",1,"Moderate Impact","1620"
"76639",1,"Moderate Impact","1621"
"76640",2,"Low Impact","1622"
"76641",2,"Low Impact","1623"
"76642",1,"Moderate Impact","1624"
"76643",2,"Low Impact","1625"
"76644",2,"Low Impact","1626"
"76645",0,"Severe Impact","1627"
"76646",2,"Low Impact","1628"
"76647",2,"Low Impact","1629"
"76648",2,"Low Impact","1630"
"76649",0,"Severe Impact","1631"
"76650",2,"Low Impact","1632"
"76651",0,"Severe Impact","1633"
"76652",0,"Severe Impact","1634"
"76653",1,"Moderate Impact","1635"
"76654",2,"Low Impact","1636"
"76655",1,"Moderate Impact","1637"
"76656",2,"Low Impact","1638"
"76657",0,"Severe Impact","1639"
"76658",2,"Low Impact","1640"
"76659",0,"Severe Impact","1641"
"76660",0,"Severe Impact","1642"
"76661",0,"Severe Impact","1643"
"76662",0,"Severe Impact","1644"
"76663",0,"Severe Impact","1645"
"76664",2,"Low Impact","1646"
"76665",1,"Moderate Impact","1647"
"76666",0,"Severe Impact","1648"
"76667",2,"Low Impact","1649"
"76668",2,"Low Impact","1650"
"76669",2,"Low Impact","1651"
"76670",2,"Low Impact","1652"
"76671",1,"Moderate Impact","1653"
"76672",1,"Moderate Impact","1654"
"76673",1,"Moderate Impact","1655"
"76674",2,"Low Impact","1656"
"76675",1,"Moderate Impact","1657"
"76676",0,"Severe Impact","1658"
"76677",0,"Severe Impact","1659"
"76678",2,"Low Impact","1660"
"76679",1,"Moderate Impact","1661"
"76680",0,"Severe Impact","1662"
"76681",0,"Severe Impact","1663"
"76682",0,"Severe Impact","1664"
"76683",0,"Severe Impact","1665"
"76684",0,"Severe Impact","1666"
"76685",0,"Severe Impact","1667"
"76686",2,"Low Impact","1668"
"76687",2,"Low Impact","1669"
"76688",2,"Low Impact","1670"
"76689",1,"Moderate Impact","1671"
"76690",1,"Moderate Impact","1672"
"76691",1,"Moderate Impact","1673"
"76692",1,"Moderate Impact","1674"
"76693",0,"Severe Impact","1675"
"76694",0,"Severe Impact","1676"
"76695",2,"Low Impact","1677"
"76696",0,"Severe Impact","1678"
"76697",1,"Moderate Impact","1679"
"76698",2,"Low Impact","1680"
"76699",1,"Moderate Impact","1681"
"76700",0,"Severe Impact","1682"
"76701",2,"Low Impact","1683"
"76702",2,"Low Impact","1684"
"76703",2,"Low Impact","1685"
"76704",1,"Moderate Impact","1686"
"76705",0,"Severe Impact","1687"
"76706",2,"Low Impact","1688"
"76707",0,"Severe Impact","1689"
"76708",1,"Moderate Impact","1690"
"76709",2,"Low Impact","1691"
"76710",1,"Moderate Impact","1692"
"76711",2,"Low Impact","1693"
"76712",2,"Low Impact","1694"
"76713",1,"Moderate Impact","1695"
"76714",1,"Moderate Impact","1696"
"76715",0,"Severe Impact","1697"
"76716",0,"Severe Impact","1698"
"76717",1,"Moderate Impact","1699"
"76718",1,"Moderate Impact","1700"
"76719",0,"Severe Impact","1701"
"76720",0,"Severe Impact","1702"
"76721",0,"Severe Impact","1703"
"76722",2,"Low Impact","1704"
"76723",0,"Severe Impact","1705"
"76724",0,"Severe Impact","1706"
"76725",1,"Moderate Impact","1707"
"76726",0,"Severe Impact","1708"
"76727",1,"Moderate Impact","1709"
"76728",2,"Low Impact","1710"
"76729",2,"Low Impact","1711"
"76730",1,"Moderate Impact","1712"
"76731",2,"Low Impact","1713"
"76732",0,"Severe Impact","1714"
"76733",0,"Severe Impact","1715"
"76734",2,"Low Impact","1716"
"76735",1,"Moderate Impact","1717"
"76736",2,"Low Impact","1718"
"76737",1,"Moderate Impact","1719"
"76738",0,"Severe Impact","1720"
"76739",1,"Moderate Impact","1721"
"76740",0,"Severe Impact","1722"
"76741",0,"Severe Impact","1723"
"76742",2,"Low Impact","1724"
"76743",1,"Moderate Impact","1725"
"76744",0,"Severe Impact","1726"
"76745",1,"Moderate Impact","1727"
"76746",2,"Low Impact","1728"
"76747",1,"Moderate Impact","1729"
"76748",2,"Low Impact","1730"
"76749",1,"Moderate Impact","1731"
"76750",1,"Moderate Impact","1732"
"76751",1,"Moderate Impact","1733"
"76752",2,"Low Impact","1734"
"76753",2,"Low Impact","1735"
"76754",2,"Low Impact","1736"
"76755",2,"Low Impact","1737"
"76756",0,"Severe Impact","1738"
"76757",1,"Moderate Impact","1739"
"76758",2,"Low Impact","1740"
"76759",1,"Moderate Impact","1741"
"76760",2,"Low Impact","1742"
"76761",2,"Low Impact","1743"
"76762",2,"Low Impact","1744"
"76763",0,"Severe Impact","1745"
"76764",0,"Severe Impact","1746"
"76765",2,"Low Impact","1747"
"76766",2,"Low Impact","1748"
"76767",2,"Low Impact","1749"
"76768",0,"Severe Impact","1750"
"76769",1,"Moderate Impact","1751"
"76770",0,"Severe Impact","1752"
"76771",2,"Low Impact","1753"
"76772",0,"Severe Impact","1754"
"76773",0,"Severe Impact","1755"
"76774",1,"Moderate Impact","1756"
"76775",2,"Low Impact","1757"
"76776",1,"Moderate Impact","1758"
"76777",0,"Severe Impact","1759"
"76778",1,"Moderate Impact","1760"
"76779",2,"Low Impact","1761"
"76780",0,"Severe Impact","1762"
"76781",2,"Low Impact","1763"
"76782",2,"Low Impact","1764"
"76783",0,"Severe Impact","1765"
"76784",2,"Low Impact","1766"
"76785",0,"Severe Impact","1767"
"76786",1,"Moderate Impact","1768"
"76787",1,"Moderate Impact","1769"
"76788",1,"Moderate Impact","1770"
"76789",2,"Low Impact","1771"
"76790",2,"Low Impact","1772"
"76791",2,"Low Impact","1773"
"76792",2,"Low Impact","1774"
"76793",0,"Severe Impact","1775"
"76794",2,"Low Impact","1776"
"76795",0,"Severe Impact","1777"
"76796",0,"Severe Impact","1778"
"76797",1,"Moderate Impact","1779"
"76798",1,"Moderate Impact","1780"
"76799",2,"Low Impact","1781"
"76800",0,"Severe Impact","1782"
"76801",0,"Severe Impact","1783"
"76802",2,"Low Impact","1784"
"76803",2,"Low Impact","1785"
"76804",2,"Low Impact","1786"
"76805",0,"Severe Impact","1787"
"76806",1,"Moderate Impact","1788"
"76807",0,"Severe Impact","1789"
"76808",1,"Moderate Impact","1790"
"76809",1,"Moderate Impact","1791"
"76810",1,"Moderate Impact","1792"
"76811",0,"Severe Impact","1793"
"76812",1,"Moderate Impact","1794"
"76813",1,"Moderate Impact","1795"
"76814",0,"Severe Impact","1796"
"76815",1,"Moderate Impact","1797"
"76816",1,"Moderate Impact","1798"
"76817",1,"Moderate Impact","1799"
"76818",1,"Moderate Impact","1800"
"76819",1,"Moderate Impact","1801"
"76820",2,"Low Impact","1802"
"76821",1,"Moderate Impact","1803"
"76822",2,"Low Impact","1804"
"76823",1,"Moderate Impact","1805"
"76824",0,"Severe Impact","1806"
"76825",1,"Moderate Impact","1807"
"76826",1,"Moderate Impact","1808"
"76827",0,"Severe Impact","1809"
"76828",2,"Low Impact","1810"
"76829",1,"Moderate Impact","1811"
"76830",1,"Moderate Impact","1812"
"76831",2,"Low Impact","1813"
"76832",0,"Severe Impact","1814"
"76833",0,"Severe Impact","1815"
"76834",0,"Severe Impact","1816"
"76835",1,"Moderate Impact","1817"
"76836",0,"Severe Impact","1818"
"76837",0,"Severe Impact","1819"
"76838",2,"Low Impact","1820"
"76839",1,"Moderate Impact","1821"
"76840",2,"Low Impact","1822"
"76841",2,"Low Impact","1823"
"76842",2,"Low Impact","1824"
"76843",1,"Moderate Impact","1825"
"76844",1,"Moderate Impact","1826"
"76845",2,"Low Impact","1827"
"76846",2,"Low Impact","1828"
"76847",1,"Moderate Impact","1829"
"76848",2,"Low Impact","1830"
"76849",2,"Low Impact","1831"
"76850",2,"Low Impact","1832"
"76851",1,"Moderate Impact","1833"
"76852",1,"Moderate Impact","1834"
"76853",0,"Severe Impact","1835"
"76854",0,"Severe Impact","1836"
"76855",2,"Low Impact","1837"
"76856",0,"Severe Impact","1838"
"76857",2,"Low Impact","1839"
"76858",1,"Moderate Impact","1840"
"76859",0,"Severe Impact","1841"
"76860",1,"Moderate Impact","1842"
"76861",2,"Low Impact","1843"
"76862",1,"Moderate Impact","1844"
"76863",0,"Severe Impact","1845"
"76864",1,"Moderate Impact","1846"
"76865",2,"Low Impact","1847"
"76866",0,"Severe Impact","1848"
"76867",1,"Moderate Impact","1849"
"76868",0,"Severe Impact","1850"
"76869",0,"Severe Impact","1851"
"76870",1,"Moderate Impact","1852"
"76871",2,"Low Impact","1853"
"76872",0,"Severe Impact","1854"
"76873",1,"Moderate Impact","1855"
"76874",1,"Moderate Impact","1856"
"76875",2,"Low Impact","1857"
"76876",2,"Low Impact","1858"
"76877",1,"Moderate Impact","1859"
"76878",1,"Moderate Impact","1860"
"76879",2,"Low Impact","1861"
"76880",2,"Low Impact","1862"
"76881",2,"Low Impact","1863"
"76882",1,"Moderate Impact","1864"
"76883",0,"Severe Impact","1865"
"76884",0,"Severe Impact","1866"
"76885",1,"Moderate Impact","1867"
"76886",1,"Moderate Impact","1868"
"76887",2,"Low Impact","1869"
"76888",1,"Moderate Impact","1870"
"76889",1,"Moderate Impact","1871"
"76890",2,"Low Impact","1872"
"76891",2,"Low Impact","1873"
"76892",1,"Moderate Impact","1874"
"76893",2,"Low Impact","1875"
"76894",1,"Moderate Impact","1876"
"76895",1,"Moderate Impact","1877"
"76896",0,"Severe Impact","1878"
"76897",0,"Severe Impact","1879"
"76898",1,"Moderate Impact","1880"
"76899",2,"Low Impact","1881"
"76900",1,"Moderate Impact","1882"
"76901",2,"Low Impact","1883"
"76902",2,"Low Impact","1884"
"76903",1,"Moderate Impact","1885"
"76904",1,"Moderate Impact","1886"
"76905",0,"Severe Impact","1887"
"76906",1,"Moderate Impact","1888"
"76907",0,"Severe Impact","1889"
"76908",2,"Low Impact","1890"
"76909",0,"Severe Impact","1891"
"76910",0,"Severe Impact","1892"
"76911",2,"Low Impact","1893"
"76912",0,"Severe Impact","1894"
"76913",2,"Low Impact","1895"
"76914",2,"Low Impact","1896"
"76915",1,"Moderate Impact","1897"
"76916",0,"Severe Impact","1898"
"76917",2,"Low Impact","1899"
"76918",2,"Low Impact","1900"
"76919",0,"Severe Impact","1901"
"76920",0,"Severe Impact","1902"
"76921",1,"Moderate Impact","1903"
"76922",2,"Low Impact","1904"
"76923",0,"Severe Impact","1905"
"76924",0,"Severe Impact","1906"
"76925",2,"Low Impact","1907"
"76926",1,"Moderate Impact","1908"
"76927",2,"Low Impact","1909"
"76928",0,"Severe Impact","1910"
"76929",1,"Moderate Impact","1911"
"76930",0,"Severe Impact","1912"
"76931",2,"Low Impact","1913"
"76932",0,"Severe Impact","1914"
"76933",1,"Moderate Impact","1915"
"76934",0,"Severe Impact","1916"
"76935",0,"Severe Impact","1917"
"76936",2,"Low Impact","1918"
"76937",2,"Low Impact","1919"
"76938",1,"Moderate Impact","1920"
"76939",0,"Severe Impact","1921"
"76940",2,"Low Impact","1922"
"76941",0,"Severe Impact","1923"
"76942",2,"Low Impact","1924"
"76943",2,"Low Impact","1925"
"76944",1,"Moderate Impact","1926"
"76945",2,"Low Impact","1927"
"76946",2,"Low Impact","1928"
"76947",2,"Low Impact","1929"
"76948",1,"Moderate Impact","1930"
"76949",1,"Moderate Impact","1931"
"76950",2,"Low Impact","1932"
"76951",2,"Low Impact","1933"
"76952",1,"Moderate Impact","1934"
"76953",1,"Moderate Impact","1935"
"76954",2,"Low Impact","1936"
"76955",1,"Moderate Impact","1937"
"76956",2,"Low Impact","1938"
"76957",2,"Low Impact","1939"
"76958",0,"Severe Impact","1940"
"76959",1,"Moderate Impact","1941"
"76960",0,"Severe Impact","1942"
"76961",0,"Severe Impact","1943"
"76962",2,"Low Impact","1944"
"76963",2,"Low Impact","1945"
"76964",1,"Moderate Impact","1946"
"76965",2,"Low Impact","1947"
"76966",2,"Low Impact","1948"
"76967",0,"Severe Impact","1949"
"76968",2,"Low Impact","1950"
"76969",0,"Severe Impact","1951"
"76970",1,"Moderate Impact","1952"
"76971",1,"Moderate Impact","1953"
"76972",2,"Low Impact","1954"
"76973",2,"Low Impact","1955"
"76974",0,"Severe Impact","1956"
"76975",1,"Moderate Impact","1957"
"76976",2,"Low Impact","1958"
"76977",0,"Severe Impact","1959"
"76978",2,"Low Impact","1960"
"76979",2,"Low Impact","1961"
"76980",0,"Severe Impact","1962"
"76981",0,"Severe Impact","1963"
"76982",0,"Severe Impact","1964"
"76983",0,"Severe Impact","1965"
"76984",1,"Moderate Impact","1966"
"76985",2,"Low Impact","1967"
"76986",2,"Low Impact","1968"
"76987",0,"Severe Impact","1969"
"76988",1,"Moderate Impact","1970"
"76989",2,"Low Impact","1971"
"76990",1,"Moderate Impact","1972"
"76991",1,"Moderate Impact","1973"
"76992",0,"Severe Impact","1974"
"76993",1,"Moderate Impact","1975"
"76994",0,"Severe Impact","1976"
"76995",1,"Moderate Impact","1977"
"76996",1,"Moderate Impact","1978"
"76997",0,"Severe Impact","1979"
"76998",0,"Severe Impact","1980"
"76999",0,"Severe Impact","1981"
"77000",2,"Low Impact","1982"
"77001",0,"Severe Impact","1983"
"77002",1,"Moderate Impact","1984"
"77003",2,"Low Impact","1985"
"77004",2,"Low Impact","1986"
"77005",0,"Severe Impact","1987"
"77006",0,"Severe Impact","1988"
"77007",0,"Severe Impact","1989"
"77008",1,"Moderate Impact","1990"
"77009",0,"Severe Impact","1991"
"77010",0,"Severe Impact","1992"
"77011",2,"Low Impact","1993"
"77012",2,"Low Impact","1994"
"77013",0,"Severe Impact","1995"
"77014",0,"Severe Impact","1996"
"77015",0,"Severe Impact","1997"
"77016",2,"Low Impact","1998"
"77017",2,"Low Impact","1999"
"77018",1,"Moderate Impact","2000"
"77019",2,"Low Impact","2001"
"77020",1,"Moderate Impact","2002"
"77021",1,"Moderate Impact","2003"
"77022",1,"Moderate Impact","2004"
"77023",2,"Low Impact","2005"
"77024",1,"Moderate Impact","2006"
"77025",0,"Severe Impact","2007"
"77026",0,"Severe Impact","2008"
"77027",2,"Low Impact","2009"
"77028",0,"Severe Impact","2010"
"77029",2,"Low Impact","2011"
"77030",2,"Low Impact","2012"
"77031",2,"Low Impact","2013"
"77032",0,"Severe Impact","2014"
"77033",2,"Low Impact","2015"
"77034",1,"Moderate Impact","2016"
"77035",0,"Severe Impact","2017"
"77036",1,"Moderate Impact","2018"
"77037",2,"Low Impact","2019"
"77038",1,"Moderate Impact","2020"
"77039",1,"Moderate Impact","2021"
"77040",2,"Low Impact","2022"
"77041",2,"Low Impact","2023"
"77042",2,"Low Impact","2024"
"77043",0,"Severe Impact","2025"
"77044",1,"Moderate Impact","2026"
"77045",1,"Moderate Impact","2027"
"77046",0,"Severe Impact","2028"
"77047",0,"Severe Impact","2029"
"77048",2,"Low Impact","2030"
"77049",1,"Moderate Impact","2031"
"77050",2,"Low Impact","2032"
"77051",2,"Low Impact","2033"
"77052",1,"Moderate Impact","2034"
"77053",2,"Low Impact","2035"
"77054",0,"Severe Impact","2036"
"77055",0,"Severe Impact","2037"
"77056",0,"Severe Impact","2038"
"77057",2,"Low Impact","2039"
"77058",2,"Low Impact","2040"
"77059",2,"Low Impact","2041"
"77060",0,"Severe Impact","2042"
"77061",1,"Moderate Impact","2043"
"77062",1,"Moderate Impact","2044"
"77063",0,"Severe Impact","2045"
"77064",0,"Severe Impact","2046"
"77065",1,"Moderate Impact","2047"
"77066",0,"Severe Impact","2048"
"77067",2,"Low Impact","2049"
"77068",1,"Moderate Impact","2050"
"77069",0,"Severe Impact","2051"
"77070",2,"Low Impact","2052"
"77071",1,"Moderate Impact","2053"
"77072",2,"Low Impact","2054"
"77073",2,"Low Impact","2055"
"77074",2,"Low Impact","2056"
"77075",2,"Low Impact","2057"
"77076",2,"Low Impact","2058"
"77077",2,"Low Impact","2059"
"77078",1,"Moderate Impact","2060"
"77079",2,"Low Impact","2061"
"77080",2,"Low Impact","2062"
"77081",1,"Moderate Impact","2063"
"77082",1,"Moderate Impact","2064"
"77083",2,"Low Impact","2065"
"77084",2,"Low Impact","2066"
"77085",1,"Moderate Impact","2067"
"77086",2,"Low Impact","2068"
"77087",1,"Moderate Impact","2069"
"77088",1,"Moderate Impact","2070"
"77089",2,"Low Impact","2071"
"77090",2,"Low Impact","2072"
"77091",2,"Low Impact","2073"
"77092",0,"Severe Impact","2074"
"77093",1,"Moderate Impact","2075"
"77094",0,"Severe Impact","2076"
"77095",1,"Moderate Impact","2077"
"77096",1,"Moderate Impact","2078"
"77097",2,"Low Impact","2079"
"77098",1,"Moderate Impact","2080"
"77099",2,"Low Impact","2081"
"77100",0,"Severe Impact","2082"
"77101",1,"Moderate Impact","2083"
"77102",2,"Low Impact","2084"
"77103",0,"Severe Impact","2085"
"77104",0,"Severe Impact","2086"
"77105",2,"Low Impact","2087"
"77106",2,"Low Impact","2088"
"77107",2,"Low Impact","2089"
"77108",0,"Severe Impact","2090"
"77109",1,"Moderate Impact","2091"
"77110",1,"Moderate Impact","2092"
"77111",1,"Moderate Impact","2093"
"77112",2,"Low Impact","2094"
"77113",2,"Low Impact","2095"
"77114",2,"Low Impact","2096"
"77115",2,"Low Impact","2097"
"77116",0,"Severe Impact","2098"
"77117",1,"Moderate Impact","2099"
"77118",1,"Moderate Impact","2100"
"77119",0,"Severe Impact","2101"
"77120",1,"Moderate Impact","2102"
"77121",2,"Low Impact","2103"
"77122",1,"Moderate Impact","2104"
"77123",2,"Low Impact","2105"
"77124",1,"Moderate Impact","2106"
"77125",1,"Moderate Impact","2107"
"77126",0,"Severe Impact","2108"
"77127",0,"Severe Impact","2109"
"77128",0,"Severe Impact","2110"
"77129",0,"Severe Impact","2111"
"77130",2,"Low Impact","2112"
"77131",0,"Severe Impact","2113"
"77132",0,"Severe Impact","2114"
"77133",0,"Severe Impact","2115"
"77134",2,"Low Impact","2116"
"77135",2,"Low Impact","2117"
"77136",1,"Moderate Impact","2118"
"77137",0,"Severe Impact","2119"
"77138",1,"Moderate Impact","2120"
"77139",0,"Severe Impact","2121"
"77140",1,"Moderate Impact","2122"
"77141",1,"Moderate Impact","2123"
"77142",2,"Low Impact","2124"
"77143",2,"Low Impact","2125"
"77144",0,"Severe Impact","2126"
"77145",0,"Severe Impact","2127"
"77146",1,"Moderate Impact","2128"
"77147",2,"Low Impact","2129"
"77148",0,"Severe Impact","2130"
"77149",2,"Low Impact","2131"
"77150",2,"Low Impact","2132"
"77151",0,"Severe Impact","2133"
"77152",1,"Moderate Impact","2134"
"77153",0,"Severe Impact","2135"
"77154",1,"Moderate Impact","2136"
"77155",1,"Moderate Impact","2137"
"77156",1,"Moderate Impact","2138"
"77157",2,"Low Impact","2139"
"77158",0,"Severe Impact","2140"
"77159",0,"Severe Impact","2141"
"77160",2,"Low Impact","2142"
"77161",2,"Low Impact","2143"
"77162",2,"Low Impact","2144"
"77163",0,"Severe Impact","2145"
"77164",1,"Moderate Impact","2146"
"77165",2,"Low Impact","2147"
"77166",0,"Severe Impact","2148"
"77167",1,"Moderate Impact","2149"
"77168",1,"Moderate Impact","2150"
"77169",1,"Moderate Impact","2151"
"77170",0,"Severe Impact","2152"
"77171",0,"Severe Impact","2153"
"77172",1,"Moderate Impact","2154"
"77173",0,"Severe Impact","2155"
"77174",0,"Severe Impact","2156"
"77175",0,"Severe Impact","2157"
"77176",2,"Low Impact","2158"
"77177",2,"Low Impact","2159"
"77178",1,"Moderate Impact","2160"
"77179",1,"Moderate Impact","2161"
"77180",0,"Severe Impact","2162"
"77181",1,"Moderate Impact","2163"
"77182",2,"Low Impact","2164"
"77183",0,"Severe Impact","2165"
"77184",2,"Low Impact","2166"
"77185",2,"Low Impact","2167"
"77186",0,"Severe Impact","2168"
"77187",0,"Severe Impact","2169"
"77188",0,"Severe Impact","2170"
"77189",2,"Low Impact","2171"
"77190",0,"Severe Impact","2172"
"77191",1,"Moderate Impact","2173"
"77192",0,"Severe Impact","2174"
"77193",2,"Low Impact","2175"
"77194",1,"Moderate Impact","2176"
"77195",1,"Moderate Impact","2177"
"77196",1,"Moderate Impact","2178"
"77197",0,"Severe Impact","2179"
"77198",1,"Moderate Impact","2180"
"77199",0,"Severe Impact","2181"
"77200",2,"Low Impact","2182"
"77201",2,"Low Impact","2183"
"77202",2,"Low Impact","2184"
"77203",0,"Severe Impact","2185"
"77204",1,"Moderate Impact","2186"
"77205",0,"Severe Impact","2187"
"77206",1,"Moderate Impact","2188"
"77207",1,"Moderate Impact","2189"
"77208",1,"Moderate Impact","2190"
"77209",0,"Severe Impact","2191"
"77210",1,"Moderate Impact","2192"
"77211",0,"Severe Impact","2193"
"77212",1,"Moderate Impact","2194"
"77213",1,"Moderate Impact","2195"
"77214",2,"Low Impact","2196"
"77215",0,"Severe Impact","2197"
"77216",2,"Low Impact","2198"
"77217",1,"Moderate Impact","2199"
"77218",2,"Low Impact","2200"
"77219",0,"Severe Impact","2201"
"77220",2,"Low Impact","2202"
"77221",1,"Moderate Impact","2203"
"77222",1,"Moderate Impact","2204"
"77223",0,"Severe Impact","2205"
"77224",1,"Moderate Impact","2206"
"77225",0,"Severe Impact","2207"
"77226",2,"Low Impact","2208"
"77227",0,"Severe Impact","2209"
"77228",0,"Severe Impact","2210"
"77229",0,"Severe Impact","2211"
"77230",2,"Low Impact","2212"
"77231",1,"Moderate Impact","2213"
"77232",0,"Severe Impact","2214"
"77233",2,"Low Impact","2215"
"77234",2,"Low Impact","2216"
"77235",1,"Moderate Impact","2217"
"77236",0,"Severe Impact","2218"
"77237",0,"Severe Impact","2219"
"77238",1,"Moderate Impact","2220"
"77239",1,"Moderate Impact","2221"
"77240",2,"Low Impact","2222"
"77241",0,"Severe Impact","2223"
"77242",2,"Low Impact","2224"
"77243",2,"Low Impact","2225"
"77244",0,"Severe Impact","2226"
"77245",2,"Low Impact","2227"
"77246",0,"Severe Impact","2228"
"77247",2,"Low Impact","2229"
"77248",1,"Moderate Impact","2230"
"77249",0,"Severe Impact","2231"
"77250",2,"Low Impact","2232"
"77251",0,"Severe Impact","2233"
"77252",1,"Moderate Impact","2234"
"77253",1,"Moderate Impact","2235"
"77254",0,"Severe Impact","2236"
"77255",1,"Moderate Impact","2237"
"77256",2,"Low Impact","2238"
"77257",0,"Severe Impact","2239"
"77258",1,"Moderate Impact","2240"
"77259",2,"Low Impact","2241"
"77260",0,"Severe Impact","2242"
"77261",0,"Severe Impact","2243"
"77262",0,"Severe Impact","2244"
"77263",1,"Moderate Impact","2245"
"77264",0,"Severe Impact","2246"
"77265",1,"Moderate Impact","2247"
"77266",2,"Low Impact","2248"
"77267",1,"Moderate Impact","2249"
"77268",0,"Severe Impact","2250"
"77269",2,"Low Impact","2251"
"77270",1,"Moderate Impact","2252"
"77271",1,"Moderate Impact","2253"
"77272",0,"Severe Impact","2254"
"77273",2,"Low Impact","2255"
"77274",0,"Severe Impact","2256"
"77275",0,"Severe Impact","2257"
"77276",0,"Severe Impact","2258"
"77277",2,"Low Impact","2259"
"77278",1,"Moderate Impact","2260"
"77279",2,"Low Impact","2261"
"77280",1,"Moderate Impact","2262"
"77281",2,"Low Impact","2263"
"77282",0,"Severe Impact","2264"
"77283",0,"Severe Impact","2265"
"77284",2,"Low Impact","2266"
"77285",2,"Low Impact","2267"
"77286",1,"Moderate Impact","2268"
"77287",2,"Low Impact","2269"
"77288",0,"Severe Impact","2270"
"77289",0,"Severe Impact","2271"
"77290",0,"Severe Impact","2272"
"77291",2,"Low Impact","2273"
"77292",2,"Low Impact","2274"
"77293",2,"Low Impact","2275"
"77294",2,"Low Impact","2276"
"77295",0,"Severe Impact","2277"
"77296",1,"Moderate Impact","2278"
"77297",2,"Low Impact","2279"
"77298",0,"Severe Impact","2280"
"77299",0,"Severe Impact","2281"
"77300",1,"Moderate Impact","2282"
"77301",2,"Low Impact","2283"
"77302",0,"Severe Impact","2284"
"77303",2,"Low Impact","2285"
"77304",0,"Severe Impact","2286"
"77305",0,"Severe Impact","2287"
"77306",1,"Moderate Impact","2288"
"77307",1,"Moderate Impact","2289"
"77308",1,"Moderate Impact","2290"
"77309",1,"Moderate Impact","2291"
"77310",2,"Low Impact","2292"
"77311",1,"Moderate Impact","2293"
"77312",0,"Severe Impact","2294"
"77313",2,"Low Impact","2295"
"77314",2,"Low Impact","2296"
"77315",0,"Severe Impact","2297"
"77316",1,"Moderate Impact","2298"
"77317",1,"Moderate Impact","2299"
"77318",0,"Severe Impact","2300"
"77319",0,"Severe Impact","2301"
"77320",0,"Severe Impact","2302"
"77321",0,"Severe Impact","2303"
"77322",1,"Moderate Impact","2304"
"77323",0,"Severe Impact","2305"
"77324",0,"Severe Impact","2306"
"77325",0,"Severe Impact","2307"
"77326",2,"Low Impact","2308"
"77327",1,"Moderate Impact","2309"
"77328",0,"Severe Impact","2310"
"77329",0,"Severe Impact","2311"
"77330",0,"Severe Impact","2312"
"77331",1,"Moderate Impact","2313"
"77332",0,"Severe Impact","2314"
"77333",1,"Moderate Impact","2315"
"77334",2,"Low Impact","2316"
"77335",2,"Low Impact","2317"
"77336",2,"Low Impact","2318"
"77337",2,"Low Impact","2319"
"77338",2,"Low Impact","2320"
"77339",0,"Severe Impact","2321"
"77340",1,"Moderate Impact","2322"
"77341",2,"Low Impact","2323"
"77342",0,"Severe Impact","2324"
"77343",1,"Moderate Impact","2325"
"77344",1,"Moderate Impact","2326"
"77345",1,"Moderate Impact","2327"
"77346",0,"Severe Impact","2328"
"77347",2,"Low Impact","2329"
"77348",1,"Moderate Impact","2330"
"77349",0,"Severe Impact","2331"
"77350",1,"Moderate Impact","2332"
"77351",1,"Moderate Impact","2333"
"77352",0,"Severe Impact","2334"
"77353",0,"Severe Impact","2335"
"77354",1,"Moderate Impact","2336"
"77355",0,"Severe Impact","2337"
"77356",2,"Low Impact","2338"
"77357",0,"Severe Impact","2339"
"77358",2,"Low Impact","2340"
"77359",2,"Low Impact","2341"
"77360",2,"Low Impact","2342"
"77361",2,"Low Impact","2343"
"77362",1,"Moderate Impact","2344"
"77363",0,"Severe Impact","2345"
"77364",1,"Moderate Impact","2346"
"77365",2,"Low Impact","2347"
"77366",1,"Moderate Impact","2348"
"77367",0,"Severe Impact","2349"
"77368",2,"Low Impact","2350"
"77369",0,"Severe Impact","2351"
"77370",0,"Severe Impact","2352"
"77371",0,"Severe Impact","2353"
"77372",1,"Moderate Impact","2354"
"77373",0,"Severe Impact","2355"
"77374",2,"Low Impact","2356"
"77375",1,"Moderate Impact","2357"
"77376",0,"Severe Impact","2358"
"77377",2,"Low Impact","2359"
"77378",1,"Moderate Impact","2360"
"77379",2,"Low Impact","2361"
"77380",1,"Moderate Impact","2362"
"77381",0,"Severe Impact","2363"
"77382",0,"Severe Impact","2364"
"77383",1,"Moderate Impact","2365"
"77384",1,"Moderate Impact","2366"
"77385",1,"Moderate Impact","2367"
"77386",2,"Low Impact","2368"
"77387",0,"Severe Impact","2369"
"77388",0,"Severe Impact","2370"
"77389",2,"Low Impact","2371"
"77390",0,"Severe Impact","2372"
"77391",0,"Severe Impact","2373"
"77392",1,"Moderate Impact","2374"
"77393",2,"Low Impact","2375"
"77394",2,"Low Impact","2376"
"77395",0,"Severe Impact","2377"
"77396",0,"Severe Impact","2378"
"77397",0,"Severe Impact","2379"
"77398",0,"Severe Impact","2380"
"77399",2,"Low Impact","2381"
"77400",1,"Moderate Impact","2382"
"77401",1,"Moderate Impact","2383"
"77402",0,"Severe Impact","2384"
"77403",2,"Low Impact","2385"
"77404",1,"Moderate Impact","2386"
"77405",0,"Severe Impact","2387"
"77406",0,"Severe Impact","2388"
"77407",1,"Moderate Impact","2389"
"77408",0,"Severe Impact","2390"
"77409",2,"Low Impact","2391"
"77410",2,"Low Impact","2392"
"77411",2,"Low Impact","2393"
"77412",0,"Severe Impact","2394"
"77413",2,"Low Impact","2395"
"77414",0,"Severe Impact","2396"
"77415",2,"Low Impact","2397"
"77416",1,"Moderate Impact","2398"
"77417",2,"Low Impact","2399"
"77418",0,"Severe Impact","2400"
"77419",1,"Moderate Impact","2401"
"77420",1,"Moderate Impact","2402"
"77421",2,"Low Impact","2403"
"77422",2,"Low Impact","2404"
"77423",1,"Moderate Impact","2405"
"77424",1,"Moderate Impact","2406"
"77425",1,"Moderate Impact","2407"
"77426",0,"Severe Impact","2408"
"77427",1,"Moderate Impact","2409"
"77428",2,"Low Impact","2410"
"77429",0,"Severe Impact","2411"
"77430",2,"Low Impact","2412"
"77431",2,"Low Impact","2413"
"77432",1,"Moderate Impact","2414"
"77433",1,"Moderate Impact","2415"
"77434",0,"Severe Impact","2416"
"77435",0,"Severe Impact","2417"
"77436",2,"Low Impact","2418"
"77437",1,"Moderate Impact","2419"
"77438",0,"Severe Impact","2420"
"77439",2,"Low Impact","2421"
"77440",0,"Severe Impact","2422"
"77441",0,"Severe Impact","2423"
"77442",1,"Moderate Impact","2424"
"77443",0,"Severe Impact","2425"
"77444",2,"Low Impact","2426"
"77445",2,"Low Impact","2427"
"77446",0,"Severe Impact","2428"
"77447",2,"Low Impact","2429"
"77448",1,"Moderate Impact","2430"
"77449",0,"Severe Impact","2431"
"77450",2,"Low Impact","2432"
"77451",1,"Moderate Impact","2433"
"77452",2,"Low Impact","2434"
"77453",1,"Moderate Impact","2435"
"77454",2,"Low Impact","2436"
"77455",0,"Severe Impact","2437"
"77456",2,"Low Impact","2438"
"77457",2,"Low Impact","2439"
"77458",0,"Severe Impact","2440"
"77459",2,"Low Impact","2441"
"77460",0,"Severe Impact","2442"
"77461",1,"Moderate Impact","2443"
"77462",2,"Low Impact","2444"
"77463",2,"Low Impact","2445"
"77464",1,"Moderate Impact","2446"
"77465",2,"Low Impact","2447"
"77466",0,"Severe Impact","2448"
"77467",0,"Severe Impact","2449"
"77468",1,"Moderate Impact","2450"
"77469",1,"Moderate Impact","2451"
"77470",0,"Severe Impact","2452"
"77471",1,"Moderate Impact","2453"
"77472",1,"Moderate Impact","2454"
"77473",1,"Moderate Impact","2455"
"77474",0,"Severe Impact","2456"
"77475",0,"Severe Impact","2457"
"77476",0,"Severe Impact","2458"
"77477",1,"Moderate Impact","2459"
"77478",2,"Low Impact","2460"
"77479",1,"Moderate Impact","2461"
"77480",2,"Low Impact","2462"
"77481",0,"Severe Impact","2463"
"77482",1,"Moderate Impact","2464"
"77483",2,"Low Impact","2465"
"77484",0,"Severe Impact","2466"
"77485",2,"Low Impact","2467"
"77486",1,"Moderate Impact","2468"
"77487",0,"Severe Impact","2469"
"77488",0,"Severe Impact","2470"
"77489",0,"Severe Impact","2471"
"77490",1,"Moderate Impact","2472"
"77491",0,"Severe Impact","2473"
"77492",1,"Moderate Impact","2474"
"77493",0,"Severe Impact","2475"
"77494",1,"Moderate Impact","2476"
"77495",1,"Moderate Impact","2477"
"77496",0,"Severe Impact","2478"
"77497",1,"Moderate Impact","2479"
"77498",1,"Moderate Impact","2480"
"77499",2,"Low Impact","2481"
"77500",2,"Low Impact","2482"
"77501",1,"Moderate Impact","2483"
"77502",1,"Moderate Impact","2484"
"77503",1,"Moderate Impact","2485"
"77504",1,"Moderate Impact","2486"
"77505",0,"Severe Impact","2487"
"77506",0,"Severe Impact","2488"
"77507",1,"Moderate Impact","2489"
"77508",1,"Moderate Impact","2490"
"77509",2,"Low Impact","2491"
"77510",0,"Severe Impact","2492"
"77511",1,"Moderate Impact","2493"
"77512",1,"Moderate Impact","2494"
"77513",0,"Severe Impact","2495"
"77514",2,"Low Impact","2496"
"77515",0,"Severe Impact","2497"
"77516",1,"Moderate Impact","2498"
"77517",1,"Moderate Impact","2499"
"77518",1,"Moderate Impact","2500"
"77519",2,"Low Impact","1"
"77520",2,"Low Impact","2"
"77521",2,"Low Impact","3"
"77522",2,"Low Impact","4"
